SKU,MSRP
PE-QS-002-FLSH-12.5,$129.99 
PE-QS-002-FLSH-13,$129.99 
PE-QS-002-FLSH-14,$129.99 
PE-QS-003-SMAN-9,$129.99 
PE-QS-003-SMAN-9.5,$129.99 
PE-QS-003-SMAN-10,$129.99 
PE-QS-003-SMAN-10.5,$129.99 
PE-QS-003-SMAN-11,$129.99 
PE-QS-003-SMAN-11.5,$129.99 
PE-QS-003-SMAN-12,$129.99 
PE-QS-003-SMAN-12.5,$129.99 
PE-QS-003-SMAN-13,$129.99 
PE-QS-003-SMAN-14,$129.99 
PE-QSPEED-004-CLSJKR-9,$129.99 
PE-QSPEED-004-CLSJKR-9.5,$129.99 
PE-QSPEED-004-CLSJKR-10,$129.99 
PE-QSPEED-004-CLSJKR-10.5,$129.99 
PE-QSPEED-004-CLSJKR-11,$129.99 
PE-QSPEED-004-CLSJKR-11.5,$129.99 
PE-QSPEED-004-CLSJKR-12,$129.99 
PE-QSPEED-004-CLSJKR-12.5,$129.99 
PE-QSPEED-004-CLSJKR-13,$129.99 
PE-QSPEED-004-CLSJKR-14,$129.99 
PE-QS-T&J-1,$94.99 
PE-QS-T&J-2,$94.99 
PE-QS-T&J-3,$94.99 
PE-QS-T&J-3.5,$94.99 
PE-QS-T&J-4,$94.99 
PE-QS-T&J-4.5,$94.99 
PE-QS-T&J-5,$94.99 
PE-QS-T&J-5.5,$94.99 
PE-QS-T&J-6,$94.99 
PE-QS-T&J-6.5,$94.99 
PE-QS-T&J-7,$129.99 
PE-QS-T&J-7.5,$129.99 
PE-QS-T&J-8,$129.99 
PE-QS-T&J-8.5,$129.99 
PE-QS-T&J-9,$129.99 
PE-QS-T&J-9.5,$129.99 
PE-QS-T&J-10,$129.99 
PE-QS-T&J-10.5,$129.99 
PE-QS-T&J-11,$129.99 
PE-QS-T&J-11.5,$129.99 
PE-QS-T&J-12,$129.99 
PE-QS-T&J-12.5,$129.99 
PE-QS-T&J-13,$129.99 
PE-QS-T&J-14,$129.99 
PE-QS-FLINT-1,$94.99 
PE-QS-FLINT-2,$94.99 
PE-QS-FLINT-3,$94.99 
PE-QS-FLINT-3.5,$94.99 
PE-QS-FLINT-4,$94.99 
PE-QS-FLINT-4.5,$94.99 
PE-QS-FLINT-5,$94.99 
PE-QS-FLINT-5.5,$94.99 
PE-QS-FLINT-6,$94.99 
PE-QS-FLINT-6.5,$94.99 
PE-QS-FLINT-7,$129.99 
PE-QS-FLINT-7.5,$129.99 
PE-QS-FLINT-8,$129.99 
PE-QS-FLINT-8.5,$129.99 
PE-QS-FLINT-9,$129.99 
PE-QS-FLINT-9.5,$129.99 
PE-QS-FLINT-10,$129.99 
PE-QS-FLINT-10.5,$129.99 
PE-QS-FLINT-11,$129.99 
PE-QS-FLINT-11.5,$129.99 
PE-QS-FLINT-12,$129.99 
PE-QS-FLINT-12.5,$129.99 
PE-QS-FLINT-13,$129.99 
PE-QS-FLINT-14,$129.99 
PE-VELOCITY3-011-SCOOBY-3.5,$74.99 
PE-VELOCITY3-011-SCOOBY-4,$74.99 
PE-VELOCITY3-011-SCOOBY-4.5,$74.99 
PE-VELOCITY3-011-SCOOBY-5,$74.99 
PE-VELOCITY3-011-SCOOBY-5.5,$74.99 
PE-VELOCITY3-011-SCOOBY-6,$74.99 
PE-VELOCITY3-011-SCOOBY-6.5,$74.99 
PE-VELOCITY3-011-SCOOBY-7,$74.99 
PE-VELOCITY3-011-SCOOBY-7.5,$74.99 
PE-VELOCITY3-011-SCOOBY-8,$74.99 
PE-VELOCITY3-011-SCOOBY-8.5,$74.99 
PE-VELOCITY3-011-SCOOBY-9,$74.99 
PE-VELOCITY3-011-SCOOBY-9.5,$74.99 
PE-VELOCITY3-011-SCOOBY-10,$74.99 
PE-VELOCITY3-011-SCOOBY-10.5,$74.99 
PE-VELOCITY3-011-SCOOBY-11,$74.99 
PE-VELOCITY3-011-SCOOBY-11.5,$74.99 
PE-VELOCITY3-011-SCOOBY-12,$74.99 
PE-VELOCITY3-011-SCOOBY-12.5,$74.99 
PE-VELOCITY3-011-SCOOBY-13,$74.99 
PE-VELOCITY3-011-SCOOBY-14,$74.99 
PE-V3-011-PRPSCB-3.5,$74.99 
PE-V3-011-PRPSCB-4,$74.99 
PE-V3-011-PRPSCB-4.5,$74.99 
PE-V3-011-PRPSCB-5,$74.99 
PE-V3-011-PRPSCB-5.5,$74.99 
PE-V3-011-PRPSCB-6,$74.99 
PE-V3-011-PRPSCB-6.5,$74.99 
PE-V3-011-PRPSCB-7,$74.99 
PE-V3-011-PRPSCB-7.5,$74.99 
PE-V3-011-PRPSCB-8,$74.99 
PE-V3-011-PRPSCB-8.5,$74.99 
PE-V3-011-PRPSCB-9,$74.99 
PE-V3-011-PRPSCB-9.5,$74.99 
PE-V3-011-PRPSCB-10,$74.99 
PE-V3-011-PRPSCB-10.5,$74.99 
PE-V3-011-PRPSCB-11,$74.99 
PE-V3-011-PRPSCB-11.5,$74.99 
PE-V3-011-PRPSCB-12,$74.99 
PE-V3-011-PRPSCB-12.5,$74.99 
PE-V3-011-PRPSCB-13,$74.99 
PE-V3-011-PRPSCB-14,$74.99 
PE-QS-SF-1,$94.99 
PE-QS-SF-2,$94.99 
PE-QS-SF-3,$94.99 
PE-QS-SF-3.5,$94.99 
PE-QS-SF-4,$94.99 
PE-QS-SF-4.5,$94.99 
PE-QS-SF-5,$94.99 
PE-QS-SF-5.5,$94.99 
PE-QS-SF-6,$94.99 
PE-QS-SF-6.5,$94.99 
PE-QS-SF-7,$94.99 
PE-QS-SF-7.5,$94.99 
PE-QS-SF-8,$94.99 
PE-QS-SF-8.5,$94.99 
PE-QS-SF-9,$94.99 
PE-QS-SF-9.5,$94.99 
PE-QS-SF-10,$94.99 
PE-QS-SF-10.5,$94.99 
PE-QS-SF-11,$94.99 
PE-QS-SF-11.5,$94.99 
PE-QS-SF-12,$94.99 
PE-QS-SF-12.5,$94.99 
PE-QS-SF-13,$94.99 
PE-QS-SF-14,$94.99 
PE-QS-KA-GB-1,$94.99 
PE-QS-KA-GB-2,$94.99 
PE-QS-KA-GB-3,$94.99 
PE-QS-KA-GB-3.5,$94.99 
PE-QS-KA-GB-4,$94.99 
PE-QS-KA-GB-4.5,$94.99 
PE-QS-KA-GB-5,$94.99 
PE-QS-KA-GB-5.5,$94.99 
PE-QS-KA-GB-6,$94.99 
PE-QS-KA-GB-6.5,$94.99 
PE-QS-KA-GB-7,$94.99 
PE-QS-KA-GB-7.5,$94.99 
PE-QS-KA-GB-8,$94.99 
PE-QS-KA-GB-8.5,$94.99 
PE-QS-KA-GB-9,$94.99 
PE-QS-KA-GB-9.5,$94.99 
PE-QS-KA-GB-10,$94.99 
PE-QS-KA-GB-10.5,$94.99 
PE-QS-KA-GB-11,$94.99 
PE-QS-KA-GB-11.5,$94.99 
PE-QS-KA-GB-12,$94.99 
PE-QS-KA-GB-12.5,$94.99 
PE-QS-KA-GB-13,$94.99 
PE-QS-KA-GB-14,$94.99 
PE-QSPEED-023-SONIC-BLUE-1,$94.99 
PE-QSPEED-023-SONIC-BLUE-2,$94.99 
PE-QSPEED-023-SONIC-BLUE-3,$94.99 
PE-QSPEED-023-SONIC-BLUE-3.5,$94.99 
PE-QSPEED-023-SONIC-BLUE-4,$94.99 
PE-QSPEED-023-SONIC-BLUE-4.5,$94.99 
PE-QSPEED-023-SONIC-BLUE-5,$94.99 
PE-QSPEED-023-SONIC-BLUE-5.5,$94.99 
PE-QSPEED-023-SONIC-BLUE-6,$94.99 
PE-QSPEED-023-SONIC-BLUE-6.5,$94.99 
PE-QSPEED-023-SONIC-BLUE-7,$94.99 
PE-QSPEED-023-SONIC-BLUE-7.5,$94.99 
PE-QSPEED-023-SONIC-BLUE-8,$94.99 
PE-QSPEED-023-SONIC-BLUE-8.5,$94.99 
PE-QSPEED-023-SONIC-BLUE-9,$94.99 
PE-QSPEED-023-SONIC-BLUE-9.5,$94.99 
PE-QSPEED-023-SONIC-BLUE-10,$94.99 
PE-QSPEED-023-SONIC-BLUE-10.5,$94.99 
PE-QSPEED-023-SONIC-BLUE-11,$94.99 
PE-QSPEED-023-SONIC-BLUE-11.5,$94.99 
PE-QSPEED-023-SONIC-BLUE-12,$94.99 
PE-QSPEED-023-SONIC-BLUE-12.5,$94.99 
PE-QSPEED-023-SONIC-BLUE-13,$94.99 
PE-QSPEED-023-SONIC-BLUE-14,$94.99 
PE-QSPEED-023-SONIC-BLUE-15,$94.99 
PE-QS2-SHDW-1,$94.99 
PE-QS2-SHDW-2,$94.99 
PE-QS2-SHDW-3,$94.99 
PE-QS2-SHDW-3.5,$94.99 
PE-QS2-SHDW-4,$94.99 
PE-QS2-SHDW-4.5,$94.99 
PE-QS2-SHDW-5,$94.99 
PE-QS2-SHDW-5.5,$94.99 
PE-QS2-SHDW-6,$94.99 
PE-QS2-SHDW-6.5,$94.99 
PE-QS2-SHDW-7,$94.99 
PE-QS2-SHDW-7.5,$94.99 
PE-QS2-SHDW-8,$94.99 
PE-QS2-SHDW-8.5,$94.99 
PE-QS2-SHDW-9,$94.99 
PE-QS2-SHDW-9.5,$94.99 
PE-QS2-SHDW-10,$94.99 
PE-QS2-SHDW-10.5,$94.99 
PE-QS2-SHDW-11,$94.99 
PE-QS2-SHDW-11.5,$94.99 
PE-QS2-SHDW-12,$94.99 
PE-QS2-SHDW-12.5,$94.99 
PE-QS2-SHDW-13,$94.99 
PE-QS2-SHDW-14,$94.99 
PE-QS2-SHDW-15,$94.99 
PE-VPS1-022-TOMANDJERRY-YXS,$42.99 
PE-VPS1-022-TOMANDJERRY-YS,$42.99 
PE-VPS1-022-TOMANDJERRY-YM,$42.99 
PE-VPS1-022-TOMANDJERRY-YL,$42.99 
PE-VPS1-022-TOMANDJERRY-S,$54.99 
PE-VPS1-022-TOMANDJERRY-M,$54.99 
PE-VPS1-022-TOMANDJERRY-L,$54.99 
PE-VPS1-022-TOMANDJERRY-XL,$54.99 
PE-VPS1-022-TOMANDJERRY-XXL,$54.99 
PE-VPS5-FLINT-YXS,$42.99 
PE-VPS5-FLINT-YS,$42.99 
PE-VPS5-FLINT-YM,$42.99 
PE-VPS5-FLINT-YL,$42.99 
PE-VPS5-FLINT-S,$54.99 
PE-VPS5-FLINT-M,$54.99 
PE-VPS5-FLINT-L,$54.99 
PE-VPS5-FLINT-XL,$54.99 
PE-VPS5-FLINT-XXL,$54.99 
PE-VPS1-011-SCOOBYDOO-YS,$42.99 
PE-VPS1-011-SCOOBYDOO-YM,$42.99 
PE-VPS1-011-SCOOBYDOO-YL,$42.99 
PE-VPS1-011-SCOOBYDOO-S,$42.99 
PE-VPS1-011-SCOOBYDOO-M,$54.99 
PE-VPS1-011-SCOOBYDOO-L,$54.99 
PE-VPS1-011-SCOOBYDOO-XL,$54.99 
PE-VPS1-011-SCOOBYDOO-XXL,$54.99 
PE-VPS1-011-SCOOBYDOO-3XL,$54.99 
PE-VPS1-011-PRP-SD-YS,$42.99 
PE-VPS1-011-PRP-SD-YM,$42.99 
PE-VPS1-011-PRP-SD-YL,$42.99 
PE-VPS1-011-PRP-SD-S,$42.99 
PE-VPS1-011-PRP-SD-M,$54.99 
PE-VPS1-011-PRP-SD-L,$54.99 
PE-VPS1-011-PRP-SD-XL,$54.99 
PE-VPS1-011-PRP-SD-XXL,$54.99 
PE-VPS1-011-PRP-SD-3XL,$54.99 
PE-VPS4-KA-GB-YXS,$42.99 
PE-VPS4-KA-GB-YS,$42.99 
PE-VPS4-KA-GB-YM,$42.99 
PE-VPS4-KA-GB-YL,$42.99 
PE-VPS4-KA-GB-S,$54.99 
PE-VPS4-KA-GB-M,$54.99 
PE-VPS4-KA-GB-L,$54.99 
PE-VPS4-KA-GB-XL,$54.99 
PE-VPS4-KA-GB-XXL,$54.99 
PE-VPS4-KA-GB-3XL,$54.99 
PE-VPS4-KA-SF-YXS,$42.99 
PE-VPS4-KA-SF-YS,$42.99 
PE-VPS4-KA-SF-YM,$42.99 
PE-VPS4-KA-SF-YL,$42.99 
PE-VPS4-KA-SF-S,$54.99 
PE-VPS4-KA-SF-M,$54.99 
PE-VPS4-KA-SF-L,$54.99 
PE-VPS4-KA-SF-XL,$54.99 
PE-VPS4-KA-SF-XXL,$54.99 
PE-VPS4-KA-SF-3XL,$54.99 
PE-VPS5-023-SONIC-BLUE-XXL,$54.99 
PE-VPS5-023-SONIC-BLUE-3XL,$54.99 
PE-VPS5-023-SONIC-BLUE-L,$54.99 
PE-VPS5-023-SONIC-BLUE-M,$54.99 
PE-VPS5-023-SONIC-BLUE-S,$54.99 
PE-VPS5-023-SONIC-BLUE-XL,$54.99 
PE-VPS5-023-SONIC-BLUE-YL,$42.99 
PE-VPS5-023-SONIC-BLUE-YM,$42.99 
PE-VPS5-023-SONIC-BLUE-YS,$42.99 
PE-VPS5-023-SONIC-BLUE-YXS,$42.99 
PE-VPS5-023-KNUCKLES-RED-XXL,$54.99 
PE-VPS5-023-KNUCKLES-RED-L,$54.99 
PE-VPS5-023-KNUCKLES-RED-M,$54.99 
PE-VPS5-023-KNUCKLES-RED-S,$54.99 
PE-VPS5-023-KNUCKLES-RED-XL,$54.99 
PE-VPS5-023-KNUCKLES-RED-YL,$42.99 
PE-VPS5-023-KNUCKLES-RED-YM,$42.99 
PE-VPS5-023-KNUCKLES-RED-YS,$42.99 
PE-VPS5-023-SHADOW-XXL,$54.99 
PE-VPS5-023-SHADOW-3XL,$54.99 
PE-VPS5-023-SHADOW-L,$54.99 
PE-VPS5-023-SHADOW-M,$54.99 
PE-VPS5-023-SHADOW-S,$54.99 
PE-VPS5-023-SHADOW-XL,$54.99 
PE-VPS5-023-SHADOW-YL,$42.99 
PE-VPS5-023-SHADOW-YM,$42.99 
PE-VPS5-023-SHADOW-YS,$42.99 
PE-VPS5-023-SHADOW-YXS,$42.99 
PE-000066-AFTERDARK-YXS,$39.99 
PE-000066-AFTERDARK-YS,$39.99 
PE-000066-AFTERDARK-YM,$39.99 
PE-000066-AFTERDARK-YL,$39.99 
PE-000066-AFTERDARK-S,$49.99 
PE-000066-AFTERDARK-M,$49.99 
PE-000066-AFTERDARK-L,$49.99 
PE-000066-AFTERDARK-XL,$49.99 
PE-000066-AFTERDARK-XXL,$49.99 
PE-000066-AFTERDARK-XXXL,$49.99 
PE-000444-SINISTER-YXS,$39.99 
PE-000444-SINISTER-YS,$39.99 
PE-000444-SINISTER-YM,$39.99 
PE-000444-SINISTER-YL,$49.99 
PE-000444-SINISTER-S,$49.99 
PE-000444-SINISTER-M,$49.99 
PE-000444-SINISTER-L,$49.99 
PE-000444-SINISTER-XL,$49.99 
PE-000444-SINISTER-XXL,$49.99 
PE-VPS5-RP-YS,$39.99 
PE-VPS5-RP-YM,$39.99 
PE-VPS5-RP-YL,$39.99 
PE-VPS5-RP-S,$49.99 
PE-VPS5-RP-M,$49.99 
PE-VPS5-RP-L,$49.99 
PE-VPS5-RP-XL,$49.99 
PE-QS2-024-WHITE-7,$109.99 
PE-QS2-024-WHITE-7.5,$109.99 
PE-QS2-024-WHITE-8,$109.99 
PE-QS2-024-WHITE-8.5,$109.99 
PE-QS2-024-WHITE-9,$109.99 
PE-QS2-024-WHITE-9.5,$109.99 
PE-QS2-024-WHITE-10,$109.99 
PE-QS2-024-WHITE-10.5,$109.99 
PE-QS2-024-WHITE-11,$109.99 
PE-QS2-024-WHITE-11.5,$109.99 
PE-QS2-024-WHITE-12,$109.99 
PE-QS2-024-WHITE-12.5,$109.99 
PE-QS2-024-WHITE-13,$109.99 
PE-QS2-024-WHITE-14,$109.99 
PE-QS2-024-WHITE-15,$109.99 
PE-QS2-024-BLACK-7,$109.99 
PE-QS2-024-BLACK-7.5,$109.99 
PE-QS2-024-BLACK-8,$109.99 
PE-QS2-024-BLACK-8.5,$109.99 
PE-QS2-024-BLACK-9,$109.99 
PE-QS2-024-BLACK-9.5,$109.99 
PE-QS2-024-BLACK-10,$109.99 
PE-QS2-024-BLACK-10.5,$109.99 
PE-QS2-024-BLACK-11,$109.99 
PE-QS2-024-BLACK-11.5,$109.99 
PE-QS2-024-BLACK-12,$109.99 
PE-QS2-024-BLACK-12.5,$109.99 
PE-QS2-024-BLACK-13,$109.99 
PE-QS2-024-BLACK-14,$109.99 
PE-QS2-024-BLACK-15,$109.99 
PE-QS2-024-RED-7,$109.99 
PE-QS2-024-RED-7.5,$109.99 
PE-QS2-024-RED-8,$109.99 
PE-QS2-024-RED-8.5,$109.99 
PE-QS2-024-RED-9,$109.99 
PE-QS2-024-RED-9.5,$109.99 
PE-QS2-024-RED-10,$109.99 
PE-QS2-024-RED-10.5,$109.99 
PE-QS2-024-RED-11,$109.99 
PE-QS2-024-RED-11.5,$109.99 
PE-QS2-024-RED-12,$109.99 
PE-QS2-024-RED-12.5,$109.99 
PE-QS2-024-RED-13,$109.99 
PE-QS2-024-RED-14,$109.99 
PE-QS2-024-RED-15,$109.99 
PE-QS2-024-ROYAL-7,$109.99 
PE-QS2-024-ROYAL-7.5,$109.99 
PE-QS2-024-ROYAL-8,$109.99 
PE-QS2-024-ROYAL-8.5,$109.99 
PE-QS2-024-ROYAL-9,$109.99 
PE-QS2-024-ROYAL-9.5,$109.99 
PE-QS2-024-ROYAL-10,$109.99 
PE-QS2-024-ROYAL-10.5,$109.99 
PE-QS2-024-ROYAL-11,$109.99 
PE-QS2-024-ROYAL-11.5,$109.99 
PE-QS2-024-ROYAL-12,$109.99 
PE-QS2-024-ROYAL-12.5,$109.99 
PE-QS2-024-ROYAL-13,$109.99 
PE-QS2-024-ROYAL-14,$109.99 
PE-QS2-024-ROYAL-15,$109.99 
PE-QS2-024-NAVY-7,$109.99 
PE-QS2-024-NAVY-7.5,$109.99 
PE-QS2-024-NAVY-8,$109.99 
PE-QS2-024-NAVY-8.5,$109.99 
PE-QS2-024-NAVY-9,$109.99 
PE-QS2-024-NAVY-9.5,$109.99 
PE-QS2-024-NAVY-10,$109.99 
PE-QS2-024-NAVY-10.5,$109.99 
PE-QS2-024-NAVY-11,$109.99 
PE-QS2-024-NAVY-11.5,$109.99 
PE-QS2-024-NAVY-12,$109.99 
PE-QS2-024-NAVY-12.5,$109.99 
PE-QS2-024-NAVY-13,$109.99 
PE-QS2-024-NAVY-14,$109.99 
PE-QS2-024-NAVY-15,$109.99 
PE-QS2-024-ORANGE-7,$109.99 
PE-QS2-024-ORANGE-7.5,$109.99 
PE-QS2-024-ORANGE-8,$109.99 
PE-QS2-024-ORANGE-8.5,$109.99 
PE-QS2-024-ORANGE-9,$109.99 
PE-QS2-024-ORANGE-9.5,$109.99 
PE-QS2-024-ORANGE-10,$109.99 
PE-QS2-024-ORANGE-10.5,$109.99 
PE-QS2-024-ORANGE-11,$109.99 
PE-QS2-024-ORANGE-11.5,$109.99 
PE-QS2-024-ORANGE-12,$109.99 
PE-QS2-024-ORANGE-12.5,$109.99 
PE-QS2-024-ORANGE-13,$109.99 
PE-QS2-024-ORANGE-14,$109.99 
PE-QS2-024-ORANGE-15,$109.99 
PE-QS2-024-PUPLE-7,$109.99 
PE-QS2-024-PUPLE-7.5,$109.99 
PE-QS2-024-PUPLE-8,$109.99 
PE-QS2-024-PUPLE-8.5,$109.99 
PE-QS2-024-PUPLE-9,$109.99 
PE-QS2-024-PUPLE-9.5,$109.99 
PE-QS2-024-PUPLE-10,$109.99 
PE-QS2-024-PUPLE-10.5,$109.99 
PE-QS2-024-PUPLE-11,$109.99 
PE-QS2-024-PUPLE-11.5,$109.99 
PE-QS2-024-PUPLE-12,$109.99 
PE-QS2-024-PUPLE-12.5,$109.99 
PE-QS2-024-PUPLE-13,$109.99 
PE-QS2-024-PUPLE-14,$109.99 
PE-QS2-024-PUPLE-15,$109.99 
PE-VELOCITY-004-JOKER-1,$94.99 
PE-VELOCITY-004-JOKER-2,$94.99 
PE-VELOCITY-004-JOKER-3,$94.99 
PE-VELOCITY-004-JOKER-3.5,$94.99 
PE-VELOCITY-004-JOKER-4,$94.99 
PE-VELOCITY-004-JOKER-4.5,$94.99 
PE-VELOCITY-004-JOKER-5,$94.99 
PE-VELOCITY-004-JOKER-5.5,$94.99 
PE-VELOCITY-004-JOKER-6,$94.99 
PE-VELOCITY-004-JOKER-6.5,$94.99 
PE-VELOCITY-004-JOKER-7,$129.99 
PE-VELOCITY-004-JOKER-7.5,$129.99 
PE-VELOCITY-004-JOKER-8,$129.99 
PE-VELOCITY-004-JOKER-8.5,$129.99 
PE-VELOCITY-004-JOKER-9,$129.99 
PE-VELOCITY-004-JOKER-9.5,$129.99 
PE-VELOCITY-004-JOKER-10,$129.99 
PE-VELOCITY-004-JOKER-10.5,$129.99 
PE-VELOCITY-004-JOKER-11,$129.99 
PE-VELOCITY-004-JOKER-11.5,$129.99 
PE-VELOCITY-004-JOKER-12,$129.99 
PE-VELOCITY-004-JOKER-12.5,$129.99 
PE-VELOCITY-004-JOKER-13,$129.99 
PE-VELOCITY-004-JOKER-14,$129.99 
PE-QS-001-BMAN-9,$129.99 
PE-QS-001-BMAN-9.5,$129.99 
PE-QS-001-BMAN-10,$129.99 
PE-QS-001-BMAN-10.5,$129.99 
PE-QS-001-BMAN-11,$129.99 
PE-QS-001-BMAN-11.5,$129.99 
PE-QS-001-BMAN-12,$129.99 
PE-QS-001-BMAN-12.5,$129.99 
PE-QS-001-BMAN-13,$129.99 
PE-QS-001-BMAN-14,$129.99 
PE-QS-002-FLSH-9,$129.99 
PE-QS-002-FLSH-9.5,$129.99 
PE-QS-002-FLSH-10,$129.99 
PE-QS-002-FLSH-10.5,$129.99 
PE-QS-002-FLSH-11,$129.99 
PE-QS-002-FLSH-11.5,$129.99 
PE-QS-002-FLSH-12,$129.99 
AB-PE-VPS5-PURPLE-YXS,$34.99 
AB-PE-VPS5-PURPLE-YS,$34.99 
AB-PE-VPS5-PURPLE-YM,$34.99 
AB-PE-VPS5-PURPLE-YL,$34.99 
AB-PE-VPS5-PURPLE-S,$49.99 
AB-PE-VPS5-PURPLE-M,$49.99 
AB-PE-VPS5-PURPLE-L,$49.99 
AB-PE-VPS5-PURPLE-XL,$49.99 
AB-PE-VPS5-PURPLE-2X,$49.99 
AB-PE-VPS5-PURPLE-3X,$49.99 
AB-PE-VPS5-YELLOW-YXS,$34.99 
AB-PE-VPS5-YELLOW-YS,$34.99 
AB-PE-VPS5-YELLOW-YM,$34.99 
AB-PE-VPS5-YELLOW-YL,$34.99 
AB-PE-VPS5-YELLOW-S,$49.99 
AB-PE-VPS5-YELLOW-M,$49.99 
AB-PE-VPS5-YELLOW-L,$49.99 
AB-PE-VPS5-YELLOW-XL,$49.99 
AB-PE-VPS5-YELLOW-2X,$49.99 
AB-PE-VPS5-YELLOW-3X,$49.99 
AB-PE-VPS5-DARKGREEN-YXS,$34.99 
AB-PE-VPS5-DARKGREEN-YS,$34.99 
AB-PE-VPS5-DARKGREEN-YM,$34.99 
AB-PE-VPS5-DARKGREEN-YL,$34.99 
AB-PE-VPS5-DARKGREEN-S,$49.99 
AB-PE-VPS5-DARKGREEN-M,$49.99 
AB-PE-VPS5-DARKGREEN-L,$49.99 
AB-PE-VPS5-DARKGREEN-XL,$49.99 
AB-PE-VPS5-DARKGREEN-2X,$49.99 
AB-PE-VPS5-DARKGREEN-3X,$49.99 
AB-PE-VPS5-COLUMBIA-YXS,$34.99 
AB-PE-VPS5-COLUMBIA-YS,$34.99 
AB-PE-VPS5-COLUMBIA-YM,$34.99 
AB-PE-VPS5-COLUMBIA-YL,$34.99 
AB-PE-VPS5-COLUMBIA-S,$49.99 
AB-PE-VPS5-COLUMBIA-M,$49.99 
AB-PE-VPS5-COLUMBIA-L,$49.99 
AB-PE-VPS5-COLUMBIA-XL,$49.99 
AB-PE-VPS5-COLUMBIA-2X,$49.99 
AB-PE-VPS5-COLUMBIA-3X,$49.99 
AB-PE-VPS5-KELLYGREEN-YXS,$34.99 
AB-PE-VPS5-KELLYGREEN-YS,$34.99 
AB-PE-VPS5-KELLYGREEN-YM,$34.99 
AB-PE-VPS5-KELLYGREEN-YL,$34.99 
AB-PE-VPS5-KELLYGREEN-S,$49.99 
AB-PE-VPS5-KELLYGREEN-M,$49.99 
AB-PE-VPS5-KELLYGREEN-L,$49.99 
AB-PE-VPS5-KELLYGREEN-XL,$49.99 
AB-PE-VPS5-KELLYGREEN-2X,$49.99 
AB-PE-VPS5-KELLYGREEN-3X,$49.99 
AB-PE-VPS5-GREY-YXS,$34.99 
AB-PE-VPS5-GREY-YS,$34.99 
AB-PE-VPS5-GREY-YM,$34.99 
AB-PE-VPS5-GREY-YL,$34.99 
AB-PE-VPS5-GREY-S,$49.99 
AB-PE-VPS5-GREY-M,$49.99 
AB-PE-VPS5-GREY-L,$49.99 
AB-PE-VPS5-GREY-XL,$49.99 
AB-PE-VPS5-GREY-2X,$49.99 
AB-PE-VPS5-GREY-3X,$49.99 
AB-PE-VPS5-PINK-YXS,$34.99 
AB-PE-VPS5-PINK-YS,$34.99 
AB-PE-VPS5-PINK-YM,$34.99 
AB-PE-VPS5-PINK-YL,$34.99 
AB-PE-VPS5-PINK-S,$49.99 
AB-PE-VPS5-PINK-M,$49.99 
AB-PE-VPS5-PINK-L,$49.99 
AB-PE-VPS5-PINK-XL,$49.99 
AB-PE-VPS5-PINK-2X,$49.99 
AB-PE-VPS5-PINK-3X,$49.99 
AB-PE-VPS5-WHITE-YXS,$34.99 
AB-PE-VPS5-WHITE-YS,$34.99 
AB-PE-VPS5-WHITE-YM,$34.99 
AB-PE-VPS5-WHITE-YL,$34.99 
AB-PE-VPS5-WHITE-S,$49.99 
AB-PE-VPS5-WHITE-M,$49.99 
AB-PE-VPS5-WHITE-L,$49.99 
AB-PE-VPS5-WHITE-XL,$49.99 
AB-PE-VPS5-WHITE-2X,$49.99 
AB-PE-VPS5-WHITE-3X,$49.99 
AB-PE-VPS5-MAROON-YXS,$34.99 
AB-PE-VPS5-MAROON-YS,$34.99 
AB-PE-VPS5-MAROON-YM,$34.99 
AB-PE-VPS5-MAROON-YL,$34.99 
AB-PE-VPS5-MAROON-S,$49.99 
AB-PE-VPS5-MAROON-M,$49.99 
AB-PE-VPS5-MAROON-L,$49.99 
AB-PE-VPS5-MAROON-XL,$49.99 
AB-PE-VPS5-MAROON-2X,$49.99 
AB-PE-VPS5-MAROON-3X,$49.99 
AB-PE-QF-BLACK-YXS,$49.99 
AB-PE-QF-BLACK-YS,$49.99 
AB-PE-QF-BLACK-YM,$49.99 
AB-PE-QF-BLACK-YL,$49.99 
AB-PE-QF-BLACK-S,$59.99 
AB-PE-QF-BLACK-M,$59.99 
AB-PE-QF-BLACK-L,$59.99 
AB-PE-QF-BLACK-XL,$59.99 
AB-PE-QF-BLACK-2X,$59.99 
AB-PE-QF-BLACK-3X,$59.99 
AB-PE-QF-RED-YXS,$49.99 
AB-PE-QF-RED-YS,$49.99 
AB-PE-QF-RED-YM,$49.99 
AB-PE-QF-RED-YL,$49.99 
AB-PE-QF-RED-S,$59.99 
AB-PE-QF-RED-M,$59.99 
AB-PE-QF-RED-L,$59.99 
AB-PE-QF-RED-XL,$59.99 
AB-PE-QF-RED-2X,$59.99 
AB-PE-QF-RED-3X,$59.99 
AB-PE-QF-ROYALBLUE-YXS,$49.99 
AB-PE-QF-ROYALBLUE-YS,$49.99 
AB-PE-QF-ROYALBLUE-YM,$49.99 
AB-PE-QF-ROYALBLUE-YL,$49.99 
AB-PE-QF-ROYALBLUE-S,$59.99 
AB-PE-QF-ROYALBLUE-M,$59.99 
AB-PE-QF-ROYALBLUE-L,$59.99 
AB-PE-QF-ROYALBLUE-XL,$59.99 
AB-PE-QF-ROYALBLUE-2X,$59.99 
AB-PE-QF-ROYALBLUE-3X,$59.99 
AB-PE-QF-SLIME-YXS,$49.99 
AB-PE-QF-SLIME-YS,$49.99 
AB-PE-QF-SLIME-YM,$49.99 
AB-PE-QF-SLIME-YL,$49.99 
AB-PE-QF-SLIME-S,$59.99 
AB-PE-QF-SLIME-M,$59.99 
AB-PE-QF-SLIME-L,$59.99 
AB-PE-QF-SLIME-XL,$59.99 
AB-PE-QF-SLIME-2X,$59.99 
AB-PE-QF-SLIME-3X,$59.99 
AB-PE-QF-NAVYBLUE-YXS,$49.99 
AB-PE-QF-NAVYBLUE-YS,$49.99 
AB-PE-QF-NAVYBLUE-YM,$49.99 
AB-PE-QF-NAVYBLUE-YL,$49.99 
AB-PE-QF-NAVYBLUE-S,$59.99 
AB-PE-QF-NAVYBLUE-M,$59.99 
AB-PE-QF-NAVYBLUE-L,$59.99 
AB-PE-QF-NAVYBLUE-XL,$59.99 
AB-PE-QF-NAVYBLUE-2X,$59.99 
AB-PE-QF-NAVYBLUE-3X,$59.99 
AB-PE-QF-ORANGE-YXS,$49.99 
AB-PE-QF-ORANGE-YS,$49.99 
AB-PE-QF-ORANGE-YM,$49.99 
AB-PE-QF-ORANGE-YL,$49.99 
AB-PE-QF-ORANGE-S,$59.99 
AB-PE-QF-ORANGE-M,$59.99 
AB-PE-QF-ORANGE-L,$59.99 
AB-PE-QF-ORANGE-XL,$59.99 
AB-PE-QF-ORANGE-2X,$59.99 
AB-PE-QF-ORANGE-3X,$59.99 
AB-PE-QF-PURPLE-YXS,$49.99 
AB-PE-QF-PURPLE-YS,$49.99 
AB-PE-QF-PURPLE-YM,$49.99 
AB-PE-QF-PURPLE-YL,$49.99 
AB-PE-QF-PURPLE-S,$59.99 
AB-PE-QF-PURPLE-M,$59.99 
AB-PE-QF-PURPLE-L,$59.99 
AB-PE-QF-PURPLE-XL,$59.99 
AB-PE-QF-PURPLE-2X,$59.99 
AB-PE-QF-PURPLE-3X,$59.99 
AB-PE-QF-YELLOW-YXS,$49.99 
AB-PE-QF-YELLOW-YS,$49.99 
AB-PE-QF-YELLOW-YM,$49.99 
AB-PE-QF-YELLOW-YL,$49.99 
AB-PE-QF-YELLOW-S,$59.99 
AB-PE-QF-YELLOW-M,$59.99 
AB-PE-QF-YELLOW-L,$59.99 
AB-PE-QF-YELLOW-XL,$59.99 
AB-PE-QF-YELLOW-2X,$59.99 
AB-PE-QF-YELLOW-3X,$59.99 
AB-PE-QF-DARKGREEN-YXS,$49.99 
AB-PE-QF-DARKGREEN-YS,$49.99 
AB-PE-QF-DARKGREEN-YM,$49.99 
AB-PE-QF-DARKGREEN-YL,$49.99 
AB-PE-QF-DARKGREEN-S,$59.99 
AB-PE-QF-DARKGREEN-M,$59.99 
AB-PE-QF-DARKGREEN-L,$59.99 
AB-PE-QF-DARKGREEN-XL,$59.99 
AB-PE-QF-DARKGREEN-2X,$59.99 
AB-PE-QF-DARKGREEN-3X,$59.99 
AB-PE-QF-COLUMBIA-YXS,$49.99 
AB-PE-QF-COLUMBIA-YS,$49.99 
AB-PE-QF-COLUMBIA-YM,$49.99 
AB-PE-QF-COLUMBIA-YL,$49.99 
AB-PE-QF-COLUMBIA-S,$59.99 
AB-PE-QF-COLUMBIA-M,$59.99 
AB-PE-QF-COLUMBIA-L,$59.99 
AB-PE-QF-COLUMBIA-XL,$59.99 
AB-PE-QF-COLUMBIA-2X,$59.99 
AB-PE-QF-COLUMBIA-3X,$59.99 
AB-PE-QF-KELLYGREEN-YXS,$49.99 
AB-PE-QF-KELLYGREEN-YS,$49.99 
AB-PE-QF-KELLYGREEN-YM,$49.99 
AB-PE-QF-KELLYGREEN-YL,$49.99 
AB-PE-QF-KELLYGREEN-S,$59.99 
AB-PE-QF-KELLYGREEN-M,$59.99 
AB-PE-QF-KELLYGREEN-L,$59.99 
AB-PE-QF-KELLYGREEN-XL,$59.99 
AB-PE-QF-KELLYGREEN-2X,$59.99 
AB-PE-QF-KELLYGREEN-3X,$59.99 
AB-PE-QF-WHITE-YXS,$49.99 
AB-PE-QF-WHITE-YS,$49.99 
AB-PE-QF-WHITE-YM,$49.99 
AB-PE-QF-WHITE-YL,$49.99 
AB-PE-QF-WHITE-S,$59.99 
AB-PE-QF-WHITE-M,$59.99 
AB-PE-QF-WHITE-L,$59.99 
AB-PE-QF-WHITE-XL,$59.99 
AB-PE-QF-WHITE-2X,$59.99 
AB-PE-QF-WHITE-3X,$59.99 
PE-000066-JOKER-YXS,$42.99 
PE-000066-JOKER-YS,$42.99 
PE-000066-JOKER-YM,$42.99 
PE-000066-JOKER-YL,$42.99 
PE-000066-JOKER-S,$54.99 
PE-000066-JOKER-M,$54.99 
PE-000066-JOKER-L,$54.99 
PE-000066-JOKER-XL,$54.99 
PE-000066-JOKER-XXL,$54.99 
PE-000066-JOKER-3XL,$54.99 
PE-VPS5-001-Batman-YXS,$42.99 
PE-VPS5-001-Batman-YS,$42.99 
PE-VPS5-001-Batman-YM,$42.99 
PE-VPS5-001-Batman-YL,$42.99 
PE-VPS5-001-Batman-S,$54.99 
PE-VPS5-001-Batman-M,$54.99 
PE-VPS5-001-Batman-L,$54.99 
PE-VPS5-001-Batman-XL,$54.99 
PE-VPS5-001-Batman-XXL,$54.99 
PE-VPS5-001-Batman-3XL,$54.99 
PE-VPS5-002-FLASH-YXS,$42.99 
PE-VPS5-002-FLASH-YS,$42.99 
PE-VPS5-002-FLASH-YM,$42.99 
PE-VPS5-002-FLASH-YL,$42.99 
PE-VPS5-002-FLASH-S,$54.99 
PE-VPS5-002-FLASH-M,$54.99 
PE-VPS5-002-FLASH-L,$54.99 
PE-VPS5-002-FLASH-XL,$54.99 
PE-VPS5-002-FLASH-XXL,$54.99 
PE-VPS5-002-FLASH-3XL,$54.99 
PE-VPS5-003-Superman-YXS,$42.99 
PE-VPS5-003-Superman-YS,$42.99 
PE-VPS5-003-Superman-YM,$42.99 
PE-VPS5-003-Superman-YL,$42.99 
PE-VPS5-003-Superman-S,$54.99 
PE-VPS5-003-Superman-M,$54.99 
PE-VPS5-003-Superman-L,$54.99 
PE-VPS5-003-Superman-XL,$54.99 
PE-VPS5-003-Superman-XXL,$54.99 
PE-VPS5-003-Superman-3XL,$54.99 
PE-VPS1-015-RICKANDMORTY-XS,$54.99 
PE-VPS1-015-RICKANDMORTY-S,$54.99 
PE-VPS1-015-RICKANDMORTY-M,$54.99 
PE-VPS1-015-RICKANDMORTY-L,$54.99 
PE-VPS1-015-RICKANDMORTY-XL,$54.99 
PE-VPS1-015-RICKANDMORTY-XXL,$54.99 
PE-BPACK-001,$59.99 
PE-STRM2-WHT,$19.99 
PE-STRM2-BLK,$19.99 
PE-STRM2-GRY,$19.99 
PE-STRM2-OR,$19.99 
PE-STRM2-RD,$19.99 
PE-STRM2-MRN,$19.99 
PE-STRM2-PNK,$19.99 
PE-STRM2-PRP,$19.99 
PE-STRM2-ROY,$19.99 
PE-STRM2-NVY,$19.99 
PE-STRM2-COL,$19.99 
PE-STRM2-DG,$19.99 
PE-STRM2-KG,$19.99 
PE-STRM2-NY,$19.99 
PE-STRM2-YLW,$19.99 
PE-HF3-BLK,$19.99 
PE-HF3-WHT,$19.99 
PE-HF3-GRY,$19.99 
PE-HF3-OR,$19.99 
PE-HF3-RD,$19.99 
PE-HF3-MRN,$19.99 
PE-HF3-PNK,$19.99 
PE-HF3-PRP,$19.99 
PE-HF3-ROY,$19.99 
PE-HF3-NVY,$19.99 
PE-HF3-COL,$19.99 
PE-HF3-DG,$19.99 
PE-HF3-KG,$19.99 
PE-HF3-SG,$19.99 
PE-HF3-YLW,$19.99 
PHNM-QVZN-CLEAR-003,$44.99 
PHNM-QVZN2-GRAPE-005,$49.99 
PHNM-QVZN2-EBLUE-003,$49.99 
PHNM-QVZN2-INFERNO-004,$49.99 
PHNM-QVZN2-GGREEN-002,$49.99 
PHNM-QVZN2-CLEAR-001,$19.99 
PE-NS-BLACK-A,$19.99 
PE-NS-BLACK-Y,$19.99 
PE-NS-WHITE-A,$19.99 
PE-NS-ORANGE-A,$19.99 
PE-NS-RED-A,$19.99 
PE-NS-PURPLE-A,$19.99 
PE-NS-PINK-A,$19.99 
PE-NS-ROYAL-A,$19.99 
PE-NS-NAVY-A,$19.99 
PE-NS-COLUMBIA-A,$19.99 
PE-NS-FOREST-A,$19.99 
PE-NS-SLIME-A,$19.99 
PE-NS-YELLOW-A,$19.99 
PE-NS-WHITE-Y,$19.99 
PE-NS-ORANGE-Y,$19.99 
PE-NS-RED-Y,$19.99 
PE-NS-PURPLE-Y,$19.99 
PE-NS-PINK-Y,$19.99 
PE-NS-ROYAL-Y,$19.99 
PE-NS-NAVY-Y,$19.99 
PE-NS-COLUMBIA-Y,$19.99 
PE-NS-FOREST-Y,$19.99 
PE-NS-SLIME-Y,$19.99 
PE-NS-YELLOW-Y,$19.99 
PE-NS-MAROON-A,$19.99 
PE-NS-MAROON-Y,$19.99 
PE-NS-CAMO-A,$19.99 
PE-NS-CAMO-Y,$19.99 
PE-QO-RM-S,$39.99 
PE-QO-RM-M,$39.99 
PE-QO-RM-L,$39.99 
PE-QO-RM-XL,$39.99 
PE-QO-JKR-YS,$39.99 
PE-QO-JKR-YM,$39.99 
PE-QO-JKR-YL,$39.99 
PE-QO-JKR-S,$39.99 
PE-QO-JKR-M,$39.99 
PE-QO-JKR-L,$39.99 
PE-QO-JKR-XL,$39.99 
PE-QO-TJ-YS,$39.99 
PE-QO-TJ-YM,$39.99 
PE-QO-TJ-YL,$39.99 
PE-QO-TJ-S,$39.99 
PE-QO-TJ-M,$39.99 
PE-QO-TJ-L,$39.99 
PE-QO-TJ-XL,$39.99 
PE-QO-SD-YS,$39.99 
PE-QO-SD-YM,$39.99 
PE-QO-SD-YL,$39.99 
PE-QO-SD-S,$39.99 
PE-QO-SD-M,$39.99 
PE-QO-SD-L,$39.99 
PE-QO-SD-XL,$39.99 
PE-QO-BMAN-YS,$39.99 
PE-QO-BMAN-YM,$39.99 
PE-QO-BMAN-YL,$39.99 
PE-QO-BMAN-S,$39.99 
PE-QO-BMAN-M,$39.99 
PE-QO-BMAN-L,$39.99 
PE-QO-BMAN-XL,$39.99 
PE-QO-SMAN-YS,$39.99 
PE-QO-SMAN-YM,$39.99 
PE-QO-SMAN-YL,$39.99 
PE-QO-SMAN-S,$39.99 
PE-QO-SMAN-M,$39.99 
PE-QO-SMAN-L,$39.99 
PE-QO-SMAN-XL,$39.99 
PE-QO-FLSH-YS,$39.99 
PE-QO-FLSH-YM,$39.99 
PE-QO-FLSH-YL,$39.99 
PE-QO-FLSH-S,$39.99 
PE-QO-FLSH-M,$39.99 
PE-QO-FLSH-L,$39.99 
PE-QO-FLSH-XL,$39.99 
PE-QO-CLWN-YS,$39.99 
PE-QO-CLWN-YM,$39.99 
PE-QO-CLWN-YL,$39.99 
PE-QO-CLWN-S,$39.99 
PE-QO-CLWN-M,$39.99 
PE-QO-CLWN-L,$39.99 
PE-QO-CLWN-XL,$39.99 
PE-QE-SONIC-1,$94.99 
PE-QE-SONIC-2,$94.99 
PE-QE-SONIC-3,$94.99 
PE-QE-SONIC-4,$94.99 
PE-QE-SONIC-5,$94.99 
PE-QE-SONIC-6,$94.99 
PE-QE-SONIC-7,$114.99 
PE-QE-SONIC-7.5,$114.99 
PE-QE-SONIC-8,$114.99 
PE-QE-SONIC-8.5,$114.99 
PE-QE-SONIC-9,$114.99 
PE-QE-SONIC-9.5,$114.99 
PE-QE-SONIC-10,$114.99 
PE-QE-SONIC-10.5,$114.99 
PE-QE-SONIC-11,$114.99 
PE-QE-SONIC-11.5,$114.99 
PE-QE-SONIC-12,$114.99 
PE-QE-KNUCKLES-1,$94.99 
PE-QE-KNUCKLES-2,$94.99 
PE-QE-KNUCKLES-3,$94.99 
PE-QE-KNUCKLES-4,$94.99 
PE-QE-KNUCKLES-5,$94.99 
PE-QE-KNUCKLES-6,$94.99 
PE-QE-KNUCKLES-7,$114.99 
PE-QE-KNUCKLES-7.5,$114.99 
PE-QE-KNUCKLES-8,$114.99 
PE-QE-KNUCKLES-8.5,$114.99 
PE-QE-KNUCKLES-9,$114.99 
PE-QE-KNUCKLES-9.5,$114.99 
PE-QE-KNUCKLES-10,$114.99 
PE-QE-KNUCKLES-10.5,$114.99 
PE-QE-KNUCKLES-11,$114.99 
PE-QE-KNUCKLES-11.5,$114.99 
PE-QE-KNUCKLES-12,$114.99 
PE-QE-BLU-SLM-1,$84.99 
PE-QE-BLU-SLM-2,$84.99 
PE-QE-BLU-SLM-3,$84.99 
PE-QE-BLU-SLM-4,$84.99 
PE-QE-BLU-SLM-5,$84.99 
PE-QE-BLU-SLM-6,$84.99 
PE-QE-BLU-SLM-7,$109.99 
PE-QE-BLU-SLM-7.5,$109.99 
PE-QE-BLU-SLM-8,$109.99 
PE-QE-BLU-SLM-8.5,$109.99 
PE-QE-BLU-SLM-9,$109.99 
PE-QE-BLU-SLM-9.5,$109.99 
PE-QE-BLU-SLM-10,$109.99 
PE-QE-BLU-SLM-10.5,$109.99 
PE-QE-BLU-SLM-11,$109.99 
PE-QE-BLU-SLM-11.5,$109.99 
PE-QE-BLU-SLM-12,$109.99 
PE-HEXA-001-BATMAN-YELLOW,$24.99 
PE-HEXA-002-FLASH,$24.99 
PE-HEXA-003-SUPERMAN,$24.99 
PE-HEXA-004-THEJOKER,$24.99 
PE-MG-004-CLSJKR,$24.99 
PE-HEXA-011-SCOOBYDOO,$24.99 
PE-HEXA-011-SD-UNMASKED,$24.99 
PE-HFMG-023-SONIC-BLUE,$24.99 
PE-HFMG-023-KNUCKLES-RED,$24.99 
HF-AFTERDARK-MG-000111,$19.99 
HF-VILLAIN-MG-000111,$19.99 
HF-SINISTER-MG-000111,$19.99 
HF-HAHA-MG-000111,$19.99 
AB-PE-VPS5-BLACK-YXS,$34.99 
AB-PE-VPS5-BLACK-YS,$34.99 
AB-PE-VPS5-BLACK-YM,$34.99 
AB-PE-VPS5-BLACK-YL,$34.99 
AB-PE-VPS5-BLACK-S,$49.99 
AB-PE-VPS5-BLACK-M,$49.99 
AB-PE-VPS5-BLACK-L,$49.99 
AB-PE-VPS5-BLACK-XL,$49.99 
AB-PE-VPS5-BLACK-2X,$49.99 
AB-PE-VPS5-BLACK-3X,$49.99 
AB-PE-VPS5-RED-YXS,$34.99 
AB-PE-VPS5-RED-YS,$34.99 
AB-PE-VPS5-RED-YM,$34.99 
AB-PE-VPS5-RED-YL,$34.99 
AB-PE-VPS5-RED-S,$49.99 
AB-PE-VPS5-RED-M,$49.99 
AB-PE-VPS5-RED-L,$49.99 
AB-PE-VPS5-RED-XL,$49.99 
AB-PE-VPS5-RED-2X,$49.99 
AB-PE-VPS5-RED-3X,$49.99 
AB-PE-VPS5-ROYALBLUE-YXS,$34.99 
AB-PE-VPS5-ROYALBLUE-YS,$34.99 
AB-PE-VPS5-ROYALBLUE-YM,$34.99 
AB-PE-VPS5-ROYALBLUE-YL,$34.99 
AB-PE-VPS5-ROYALBLUE-S,$49.99 
AB-PE-VPS5-ROYALBLUE-M,$49.99 
AB-PE-VPS5-ROYALBLUE-L,$49.99 
AB-PE-VPS5-ROYALBLUE-XL,$49.99 
AB-PE-VPS5-ROYALBLUE-2X,$49.99 
AB-PE-VPS5-ROYALBLUE-3X,$49.99 
AB-PE-VPS5-SLIME-YXS,$34.99 
AB-PE-VPS5-SLIME-YS,$34.99 
AB-PE-VPS5-SLIME-YM,$34.99 
AB-PE-VPS5-SLIME-YL,$34.99 
AB-PE-VPS5-SLIME-S,$49.99 
AB-PE-VPS5-SLIME-M,$49.99 
AB-PE-VPS5-SLIME-L,$49.99 
AB-PE-VPS5-SLIME-XL,$49.99 
AB-PE-VPS5-SLIME-2X,$49.99 
AB-PE-VPS5-SLIME-3X,$49.99 
AB-PE-VPS5-NAVYBLUE-YXS,$34.99 
AB-PE-VPS5-NAVYBLUE-YS,$34.99 
AB-PE-VPS5-NAVYBLUE-YM,$34.99 
AB-PE-VPS5-NAVYBLUE-YL,$34.99 
AB-PE-VPS5-NAVYBLUE-S,$49.99 
AB-PE-VPS5-NAVYBLUE-M,$49.99 
AB-PE-VPS5-NAVYBLUE-L,$49.99 
AB-PE-VPS5-NAVYBLUE-XL,$49.99 
AB-PE-VPS5-NAVYBLUE-2X,$49.99 
AB-PE-VPS5-NAVYBLUE-3X,$49.99 
AB-PE-VPS5-ORANGE-YXS,$34.99 
AB-PE-VPS5-ORANGE-YS,$34.99 
AB-PE-VPS5-ORANGE-YM,$34.99 
AB-PE-VPS5-ORANGE-YL,$34.99 
AB-PE-VPS5-ORANGE-S,$49.99 
AB-PE-VPS5-ORANGE-M,$49.99 
AB-PE-VPS5-ORANGE-L,$49.99 
AB-PE-VPS5-ORANGE-XL,$49.99 
AB-PE-VPS5-ORANGE-2X,$49.99 
AB-PE-VPS5-ORANGE-3X,$49.99 
