SKU,Cost
PE-QS-002-FLSH-12.5,$65.00 
PE-QS-002-FLSH-13,$65.00 
PE-QS-002-FLSH-14,$65.00 
PE-QS-003-SMAN-9,$65.00 
PE-QS-003-SMAN-9.5,$65.00 
PE-QS-003-SMAN-10,$65.00 
PE-QS-003-SMAN-10.5,$65.00 
PE-QS-003-SMAN-11,$65.00 
PE-QS-003-SMAN-11.5,$65.00 
PE-QS-003-SMAN-12,$65.00 
PE-QS-003-SMAN-12.5,$65.00 
PE-QS-003-SMAN-13,$65.00 
PE-QS-003-SMAN-14,$65.00 
PE-QSPEED-004-CLSJKR-9,$65.00 
PE-QSPEED-004-CLSJKR-9.5,$65.00 
PE-QSPEED-004-CLSJKR-10,$65.00 
PE-QSPEED-004-CLSJKR-10.5,$65.00 
PE-QSPEED-004-CLSJKR-11,$65.00 
PE-QSPEED-004-CLSJKR-11.5,$65.00 
PE-QSPEED-004-CLSJKR-12,$65.00 
PE-QSPEED-004-CLSJKR-12.5,$65.00 
PE-QSPEED-004-CLSJKR-13,$65.00 
PE-QSPEED-004-CLSJKR-14,$65.00 
PE-QS-T&J-1,$47.50 
PE-QS-T&J-2,$47.50 
PE-QS-T&J-3,$47.50 
PE-QS-T&J-3.5,$47.50 
PE-QS-T&J-4,$47.50 
PE-QS-T&J-4.5,$47.50 
PE-QS-T&J-5,$47.50 
PE-QS-T&J-5.5,$47.50 
PE-QS-T&J-6,$47.50 
PE-QS-T&J-6.5,$47.50 
PE-QS-T&J-7,$65.00 
PE-QS-T&J-7.5,$65.00 
PE-QS-T&J-8,$65.00 
PE-QS-T&J-8.5,$65.00 
PE-QS-T&J-9,$65.00 
PE-QS-T&J-9.5,$65.00 
PE-QS-T&J-10,$65.00 
PE-QS-T&J-10.5,$65.00 
PE-QS-T&J-11,$65.00 
PE-QS-T&J-11.5,$65.00 
PE-QS-T&J-12,$65.00 
PE-QS-T&J-12.5,$65.00 
PE-QS-T&J-13,$65.00 
PE-QS-T&J-14,$65.00 
PE-QS-FLINT-1,$47.50 
PE-QS-FLINT-2,$47.50 
PE-QS-FLINT-3,$47.50 
PE-QS-FLINT-3.5,$47.50 
PE-QS-FLINT-4,$47.50 
PE-QS-FLINT-4.5,$47.50 
PE-QS-FLINT-5,$47.50 
PE-QS-FLINT-5.5,$47.50 
PE-QS-FLINT-6,$47.50 
PE-QS-FLINT-6.5,$47.50 
PE-QS-FLINT-7,$65.00 
PE-QS-FLINT-7.5,$65.00 
PE-QS-FLINT-8,$65.00 
PE-QS-FLINT-8.5,$65.00 
PE-QS-FLINT-9,$65.00 
PE-QS-FLINT-9.5,$65.00 
PE-QS-FLINT-10,$65.00 
PE-QS-FLINT-10.5,$65.00 
PE-QS-FLINT-11,$65.00 
PE-QS-FLINT-11.5,$65.00 
PE-QS-FLINT-12,$65.00 
PE-QS-FLINT-12.5,$65.00 
PE-QS-FLINT-13,$65.00 
PE-QS-FLINT-14,$65.00 
PE-VELOCITY3-011-SCOOBY-3.5,$37.50 
PE-VELOCITY3-011-SCOOBY-4,$37.50 
PE-VELOCITY3-011-SCOOBY-4.5,$37.50 
PE-VELOCITY3-011-SCOOBY-5,$37.50 
PE-VELOCITY3-011-SCOOBY-5.5,$37.50 
PE-VELOCITY3-011-SCOOBY-6,$37.50 
PE-VELOCITY3-011-SCOOBY-6.5,$37.50 
PE-VELOCITY3-011-SCOOBY-7,$37.50 
PE-VELOCITY3-011-SCOOBY-7.5,$37.50 
PE-VELOCITY3-011-SCOOBY-8,$37.50 
PE-VELOCITY3-011-SCOOBY-8.5,$37.50 
PE-VELOCITY3-011-SCOOBY-9,$37.50 
PE-VELOCITY3-011-SCOOBY-9.5,$37.50 
PE-VELOCITY3-011-SCOOBY-10,$37.50 
PE-VELOCITY3-011-SCOOBY-10.5,$37.50 
PE-VELOCITY3-011-SCOOBY-11,$37.50 
PE-VELOCITY3-011-SCOOBY-11.5,$37.50 
PE-VELOCITY3-011-SCOOBY-12,$37.50 
PE-VELOCITY3-011-SCOOBY-12.5,$37.50 
PE-VELOCITY3-011-SCOOBY-13,$37.50 
PE-VELOCITY3-011-SCOOBY-14,$37.50 
PE-V3-011-PRPSCB-3.5,$37.50 
PE-V3-011-PRPSCB-4,$37.50 
PE-V3-011-PRPSCB-4.5,$37.50 
PE-V3-011-PRPSCB-5,$37.50 
PE-V3-011-PRPSCB-5.5,$37.50 
PE-V3-011-PRPSCB-6,$37.50 
PE-V3-011-PRPSCB-6.5,$37.50 
PE-V3-011-PRPSCB-7,$37.50 
PE-V3-011-PRPSCB-7.5,$37.50 
PE-V3-011-PRPSCB-8,$37.50 
PE-V3-011-PRPSCB-8.5,$37.50 
PE-V3-011-PRPSCB-9,$37.50 
PE-V3-011-PRPSCB-9.5,$37.50 
PE-V3-011-PRPSCB-10,$37.50 
PE-V3-011-PRPSCB-10.5,$37.50 
PE-V3-011-PRPSCB-11,$37.50 
PE-V3-011-PRPSCB-11.5,$37.50 
PE-V3-011-PRPSCB-12,$37.50 
PE-V3-011-PRPSCB-12.5,$37.50 
PE-V3-011-PRPSCB-13,$37.50 
PE-V3-011-PRPSCB-14,$37.50 
PE-QS-SF-1,$47.50 
PE-QS-SF-2,$47.50 
PE-QS-SF-3,$47.50 
PE-QS-SF-3.5,$47.50 
PE-QS-SF-4,$47.50 
PE-QS-SF-4.5,$47.50 
PE-QS-SF-5,$47.50 
PE-QS-SF-5.5,$47.50 
PE-QS-SF-6,$47.50 
PE-QS-SF-6.5,$47.50 
PE-QS-SF-7,$65.00 
PE-QS-SF-7.5,$65.00 
PE-QS-SF-8,$65.00 
PE-QS-SF-8.5,$65.00 
PE-QS-SF-9,$65.00 
PE-QS-SF-9.5,$65.00 
PE-QS-SF-10,$65.00 
PE-QS-SF-10.5,$65.00 
PE-QS-SF-11,$65.00 
PE-QS-SF-11.5,$65.00 
PE-QS-SF-12,$65.00 
PE-QS-SF-12.5,$65.00 
PE-QS-SF-13,$65.00 
PE-QS-SF-14,$65.00 
PE-QS-KA-GB-1,$47.50 
PE-QS-KA-GB-2,$47.50 
PE-QS-KA-GB-3,$47.50 
PE-QS-KA-GB-3.5,$47.50 
PE-QS-KA-GB-4,$47.50 
PE-QS-KA-GB-4.5,$47.50 
PE-QS-KA-GB-5,$47.50 
PE-QS-KA-GB-5.5,$47.50 
PE-QS-KA-GB-6,$47.50 
PE-QS-KA-GB-6.5,$47.50 
PE-QS-KA-GB-7,$65.00 
PE-QS-KA-GB-7.5,$65.00 
PE-QS-KA-GB-8,$65.00 
PE-QS-KA-GB-8.5,$65.00 
PE-QS-KA-GB-9,$65.00 
PE-QS-KA-GB-9.5,$65.00 
PE-QS-KA-GB-10,$65.00 
PE-QS-KA-GB-10.5,$65.00 
PE-QS-KA-GB-11,$65.00 
PE-QS-KA-GB-11.5,$65.00 
PE-QS-KA-GB-12,$65.00 
PE-QS-KA-GB-12.5,$65.00 
PE-QS-KA-GB-13,$65.00 
PE-QS-KA-GB-14,$65.00 
PE-QSPEED-023-SONIC-BLUE-1,$47.50 
PE-QSPEED-023-SONIC-BLUE-2,$47.50 
PE-QSPEED-023-SONIC-BLUE-3,$47.50 
PE-QSPEED-023-SONIC-BLUE-3.5,$47.50 
PE-QSPEED-023-SONIC-BLUE-4,$47.50 
PE-QSPEED-023-SONIC-BLUE-4.5,$47.50 
PE-QSPEED-023-SONIC-BLUE-5,$47.50 
PE-QSPEED-023-SONIC-BLUE-5.5,$47.50 
PE-QSPEED-023-SONIC-BLUE-6,$47.50 
PE-QSPEED-023-SONIC-BLUE-6.5,$47.50 
PE-QSPEED-023-SONIC-BLUE-7,$65.00 
PE-QSPEED-023-SONIC-BLUE-7.5,$65.00 
PE-QSPEED-023-SONIC-BLUE-8,$65.00 
PE-QSPEED-023-SONIC-BLUE-8.5,$65.00 
PE-QSPEED-023-SONIC-BLUE-9,$65.00 
PE-QSPEED-023-SONIC-BLUE-9.5,$65.00 
PE-QSPEED-023-SONIC-BLUE-10,$65.00 
PE-QSPEED-023-SONIC-BLUE-10.5,$65.00 
PE-QSPEED-023-SONIC-BLUE-11,$65.00 
PE-QSPEED-023-SONIC-BLUE-11.5,$65.00 
PE-QSPEED-023-SONIC-BLUE-12,$65.00 
PE-QSPEED-023-SONIC-BLUE-12.5,$65.00 
PE-QSPEED-023-SONIC-BLUE-13,$65.00 
PE-QSPEED-023-SONIC-BLUE-14,$65.00 
PE-QSPEED-023-SONIC-BLUE-15,$65.00 
PE-QS2-SHDW-1,$47.50 
PE-QS2-SHDW-2,$47.50 
PE-QS2-SHDW-3,$47.50 
PE-QS2-SHDW-3.5,$47.50 
PE-QS2-SHDW-4,$47.50 
PE-QS2-SHDW-4.5,$47.50 
PE-QS2-SHDW-5,$47.50 
PE-QS2-SHDW-5.5,$47.50 
PE-QS2-SHDW-6,$47.50 
PE-QS2-SHDW-6.5,$47.50 
PE-QS2-SHDW-7,$65.00 
PE-QS2-SHDW-7.5,$65.00 
PE-QS2-SHDW-8,$65.00 
PE-QS2-SHDW-8.5,$65.00 
PE-QS2-SHDW-9,$65.00 
PE-QS2-SHDW-9.5,$65.00 
PE-QS2-SHDW-10,$65.00 
PE-QS2-SHDW-10.5,$65.00 
PE-QS2-SHDW-11,$65.00 
PE-QS2-SHDW-11.5,$65.00 
PE-QS2-SHDW-12,$65.00 
PE-QS2-SHDW-12.5,$65.00 
PE-QS2-SHDW-13,$65.00 
PE-QS2-SHDW-14,$65.00 
PE-QS2-SHDW-15,$65.00 
PE-VPS1-022-TOMANDJERRY-YXS,$21.50 
PE-VPS1-022-TOMANDJERRY-YS,$21.50 
PE-VPS1-022-TOMANDJERRY-YM,$21.50 
PE-VPS1-022-TOMANDJERRY-YL,$21.50 
PE-VPS1-022-TOMANDJERRY-S,$27.50 
PE-VPS1-022-TOMANDJERRY-M,$27.50 
PE-VPS1-022-TOMANDJERRY-L,$27.50 
PE-VPS1-022-TOMANDJERRY-XL,$27.50 
PE-VPS1-022-TOMANDJERRY-XXL,$27.50 
PE-VPS5-FLINT-YXS,$21.50 
PE-VPS5-FLINT-YS,$21.50 
PE-VPS5-FLINT-YM,$21.50 
PE-VPS5-FLINT-YL,$21.50 
PE-VPS5-FLINT-S,$27.50 
PE-VPS5-FLINT-M,$27.50 
PE-VPS5-FLINT-L,$27.50 
PE-VPS5-FLINT-XL,$27.50 
PE-VPS5-FLINT-XXL,$27.50 
PE-VPS1-011-SCOOBYDOO-YS,$21.50 
PE-VPS1-011-SCOOBYDOO-YM,$21.50 
PE-VPS1-011-SCOOBYDOO-YL,$21.50 
PE-VPS1-011-SCOOBYDOO-S,$21.50 
PE-VPS1-011-SCOOBYDOO-M,$27.50 
PE-VPS1-011-SCOOBYDOO-L,$27.50 
PE-VPS1-011-SCOOBYDOO-XL,$27.50 
PE-VPS1-011-SCOOBYDOO-XXL,$27.50 
PE-VPS1-011-SCOOBYDOO-3XL,$27.50 
PE-VPS1-011-PRP-SD-YS,$21.50 
PE-VPS1-011-PRP-SD-YM,$21.50 
PE-VPS1-011-PRP-SD-YL,$21.50 
PE-VPS1-011-PRP-SD-S,$21.50 
PE-VPS1-011-PRP-SD-M,$27.50 
PE-VPS1-011-PRP-SD-L,$27.50 
PE-VPS1-011-PRP-SD-XL,$27.50 
PE-VPS1-011-PRP-SD-XXL,$27.50 
PE-VPS1-011-PRP-SD-3XL,$27.50 
PE-VPS4-KA-GB-YXS,$21.50 
PE-VPS4-KA-GB-YS,$21.50 
PE-VPS4-KA-GB-YM,$21.50 
PE-VPS4-KA-GB-YL,$21.50 
PE-VPS4-KA-GB-S,$27.50 
PE-VPS4-KA-GB-M,$27.50 
PE-VPS4-KA-GB-L,$27.50 
PE-VPS4-KA-GB-XL,$27.50 
PE-VPS4-KA-GB-XXL,$27.50 
PE-VPS4-KA-GB-3XL,$27.50 
PE-VPS4-KA-SF-YXS,$21.50 
PE-VPS4-KA-SF-YS,$21.50 
PE-VPS4-KA-SF-YM,$21.50 
PE-VPS4-KA-SF-YL,$21.50 
PE-VPS4-KA-SF-S,$27.50 
PE-VPS4-KA-SF-M,$27.50 
PE-VPS4-KA-SF-L,$27.50 
PE-VPS4-KA-SF-XL,$27.50 
PE-VPS4-KA-SF-XXL,$27.50 
PE-VPS4-KA-SF-3XL,$27.50 
PE-VPS5-023-SONIC-BLUE-XXL,$27.50 
PE-VPS5-023-SONIC-BLUE-3XL,$27.50 
PE-VPS5-023-SONIC-BLUE-L,$27.50 
PE-VPS5-023-SONIC-BLUE-M,$27.50 
PE-VPS5-023-SONIC-BLUE-S,$27.50 
PE-VPS5-023-SONIC-BLUE-XL,$27.50 
PE-VPS5-023-SONIC-BLUE-YL,$21.50 
PE-VPS5-023-SONIC-BLUE-YM,$21.50 
PE-VPS5-023-SONIC-BLUE-YS,$21.50 
PE-VPS5-023-SONIC-BLUE-YXS,$21.50 
PE-VPS5-023-KNUCKLES-RED-XXL,$27.50 
PE-VPS5-023-KNUCKLES-RED-L,$27.50 
PE-VPS5-023-KNUCKLES-RED-M,$27.50 
PE-VPS5-023-KNUCKLES-RED-S,$27.50 
PE-VPS5-023-KNUCKLES-RED-XL,$27.50 
PE-VPS5-023-KNUCKLES-RED-YL,$21.50 
PE-VPS5-023-KNUCKLES-RED-YM,$21.50 
PE-VPS5-023-KNUCKLES-RED-YS,$21.50 
PE-VPS5-023-SHADOW-XXL,$27.50 
PE-VPS5-023-SHADOW-3XL,$27.50 
PE-VPS5-023-SHADOW-L,$27.50 
PE-VPS5-023-SHADOW-M,$27.50 
PE-VPS5-023-SHADOW-S,$27.50 
PE-VPS5-023-SHADOW-XL,$27.50 
PE-VPS5-023-SHADOW-YL,$21.50 
PE-VPS5-023-SHADOW-YM,$21.50 
PE-VPS5-023-SHADOW-YS,$21.50 
PE-VPS5-023-SHADOW-YXS,$21.50 
PE-000066-AFTERDARK-YXS,$20.00 
PE-000066-AFTERDARK-YS,$20.00 
PE-000066-AFTERDARK-YM,$20.00 
PE-000066-AFTERDARK-YL,$20.00 
PE-000066-AFTERDARK-S,$25.00 
PE-000066-AFTERDARK-M,$25.00 
PE-000066-AFTERDARK-L,$25.00 
PE-000066-AFTERDARK-XL,$25.00 
PE-000066-AFTERDARK-XXL,$25.00 
PE-000066-AFTERDARK-XXXL,$25.00 
PE-000444-SINISTER-YXS,$20.00 
PE-000444-SINISTER-YS,$20.00 
PE-000444-SINISTER-YM,$20.00 
PE-000444-SINISTER-YL,$25.00 
PE-000444-SINISTER-S,$25.00 
PE-000444-SINISTER-M,$25.00 
PE-000444-SINISTER-L,$25.00 
PE-000444-SINISTER-XL,$25.00 
PE-000444-SINISTER-XXL,$25.00 
PE-VPS5-RP-YS,$20.00 
PE-VPS5-RP-YM,$20.00 
PE-VPS5-RP-YL,$20.00 
PE-VPS5-RP-S,$25.00 
PE-VPS5-RP-M,$25.00 
PE-VPS5-RP-L,$25.00 
PE-VPS5-RP-XL,$25.00 
PE-QS2-024-WHITE-7,$55.00 
PE-QS2-024-WHITE-7.5,$55.00 
PE-QS2-024-WHITE-8,$55.00 
PE-QS2-024-WHITE-8.5,$55.00 
PE-QS2-024-WHITE-9,$55.00 
PE-QS2-024-WHITE-9.5,$55.00 
PE-QS2-024-WHITE-10,$55.00 
PE-QS2-024-WHITE-10.5,$55.00 
PE-QS2-024-WHITE-11,$55.00 
PE-QS2-024-WHITE-11.5,$55.00 
PE-QS2-024-WHITE-12,$55.00 
PE-QS2-024-WHITE-12.5,$55.00 
PE-QS2-024-WHITE-13,$55.00 
PE-QS2-024-WHITE-14,$55.00 
PE-QS2-024-WHITE-15,$55.00 
PE-QS2-024-BLACK-7,$55.00 
PE-QS2-024-BLACK-7.5,$55.00 
PE-QS2-024-BLACK-8,$55.00 
PE-QS2-024-BLACK-8.5,$55.00 
PE-QS2-024-BLACK-9,$55.00 
PE-QS2-024-BLACK-9.5,$55.00 
PE-QS2-024-BLACK-10,$55.00 
PE-QS2-024-BLACK-10.5,$55.00 
PE-QS2-024-BLACK-11,$55.00 
PE-QS2-024-BLACK-11.5,$55.00 
PE-QS2-024-BLACK-12,$55.00 
PE-QS2-024-BLACK-12.5,$55.00 
PE-QS2-024-BLACK-13,$55.00 
PE-QS2-024-BLACK-14,$55.00 
PE-QS2-024-BLACK-15,$55.00 
PE-QS2-024-RED-7,$55.00 
PE-QS2-024-RED-7.5,$55.00 
PE-QS2-024-RED-8,$55.00 
PE-QS2-024-RED-8.5,$55.00 
PE-QS2-024-RED-9,$55.00 
PE-QS2-024-RED-9.5,$55.00 
PE-QS2-024-RED-10,$55.00 
PE-QS2-024-RED-10.5,$55.00 
PE-QS2-024-RED-11,$55.00 
PE-QS2-024-RED-11.5,$55.00 
PE-QS2-024-RED-12,$55.00 
PE-QS2-024-RED-12.5,$55.00 
PE-QS2-024-RED-13,$55.00 
PE-QS2-024-RED-14,$55.00 
PE-QS2-024-RED-15,$55.00 
PE-QS2-024-ROYAL-7,$55.00 
PE-QS2-024-ROYAL-7.5,$55.00 
PE-QS2-024-ROYAL-8,$55.00 
PE-QS2-024-ROYAL-8.5,$55.00 
PE-QS2-024-ROYAL-9,$55.00 
PE-QS2-024-ROYAL-9.5,$55.00 
PE-QS2-024-ROYAL-10,$55.00 
PE-QS2-024-ROYAL-10.5,$55.00 
PE-QS2-024-ROYAL-11,$55.00 
PE-QS2-024-ROYAL-11.5,$55.00 
PE-QS2-024-ROYAL-12,$55.00 
PE-QS2-024-ROYAL-12.5,$55.00 
PE-QS2-024-ROYAL-13,$55.00 
PE-QS2-024-ROYAL-14,$55.00 
PE-QS2-024-ROYAL-15,$55.00 
PE-QS2-024-NAVY-7,$55.00 
PE-QS2-024-NAVY-7.5,$55.00 
PE-QS2-024-NAVY-8,$55.00 
PE-QS2-024-NAVY-8.5,$55.00 
PE-QS2-024-NAVY-9,$55.00 
PE-QS2-024-NAVY-9.5,$55.00 
PE-QS2-024-NAVY-10,$55.00 
PE-QS2-024-NAVY-10.5,$55.00 
PE-QS2-024-NAVY-11,$55.00 
PE-QS2-024-NAVY-11.5,$55.00 
PE-QS2-024-NAVY-12,$55.00 
PE-QS2-024-NAVY-12.5,$55.00 
PE-QS2-024-NAVY-13,$55.00 
PE-QS2-024-NAVY-14,$55.00 
PE-QS2-024-NAVY-15,$55.00 
PE-QS2-024-ORANGE-7,$55.00 
PE-QS2-024-ORANGE-7.5,$55.00 
PE-QS2-024-ORANGE-8,$55.00 
PE-QS2-024-ORANGE-8.5,$55.00 
PE-QS2-024-ORANGE-9,$55.00 
PE-QS2-024-ORANGE-9.5,$55.00 
PE-QS2-024-ORANGE-10,$55.00 
PE-QS2-024-ORANGE-10.5,$55.00 
PE-QS2-024-ORANGE-11,$55.00 
PE-QS2-024-ORANGE-11.5,$55.00 
PE-QS2-024-ORANGE-12,$55.00 
PE-QS2-024-ORANGE-12.5,$55.00 
PE-QS2-024-ORANGE-13,$55.00 
PE-QS2-024-ORANGE-14,$55.00 
PE-QS2-024-ORANGE-15,$55.00 
PE-QS2-024-PUPLE-7,$55.00 
PE-QS2-024-PUPLE-7.5,$55.00 
PE-QS2-024-PUPLE-8,$55.00 
PE-QS2-024-PUPLE-8.5,$55.00 
PE-QS2-024-PUPLE-9,$55.00 
PE-QS2-024-PUPLE-9.5,$55.00 
PE-QS2-024-PUPLE-10,$55.00 
PE-QS2-024-PUPLE-10.5,$55.00 
PE-QS2-024-PUPLE-11,$55.00 
PE-QS2-024-PUPLE-11.5,$55.00 
PE-QS2-024-PUPLE-12,$55.00 
PE-QS2-024-PUPLE-12.5,$55.00 
PE-QS2-024-PUPLE-13,$55.00 
PE-QS2-024-PUPLE-14,$55.00 
PE-QS2-024-PUPLE-15,$55.00 
PE-VELOCITY-004-JOKER-1,$47.50 
PE-VELOCITY-004-JOKER-2,$47.50 
PE-VELOCITY-004-JOKER-3,$47.50 
PE-VELOCITY-004-JOKER-3.5,$47.50 
PE-VELOCITY-004-JOKER-4,$47.50 
PE-VELOCITY-004-JOKER-4.5,$47.50 
PE-VELOCITY-004-JOKER-5,$47.50 
PE-VELOCITY-004-JOKER-5.5,$47.50 
PE-VELOCITY-004-JOKER-6,$47.50 
PE-VELOCITY-004-JOKER-6.5,$47.50 
PE-VELOCITY-004-JOKER-7,$65.00 
PE-VELOCITY-004-JOKER-7.5,$65.00 
PE-VELOCITY-004-JOKER-8,$65.00 
PE-VELOCITY-004-JOKER-8.5,$65.00 
PE-VELOCITY-004-JOKER-9,$65.00 
PE-VELOCITY-004-JOKER-9.5,$65.00 
PE-VELOCITY-004-JOKER-10,$65.00 
PE-VELOCITY-004-JOKER-10.5,$65.00 
PE-VELOCITY-004-JOKER-11,$65.00 
PE-VELOCITY-004-JOKER-11.5,$65.00 
PE-VELOCITY-004-JOKER-12,$65.00 
PE-VELOCITY-004-JOKER-12.5,$65.00 
PE-VELOCITY-004-JOKER-13,$65.00 
PE-VELOCITY-004-JOKER-14,$65.00 
PE-QS-001-BMAN-9,$65.00 
PE-QS-001-BMAN-9.5,$65.00 
PE-QS-001-BMAN-10,$65.00 
PE-QS-001-BMAN-10.5,$65.00 
PE-QS-001-BMAN-11,$65.00 
PE-QS-001-BMAN-11.5,$65.00 
PE-QS-001-BMAN-12,$65.00 
PE-QS-001-BMAN-12.5,$65.00 
PE-QS-001-BMAN-13,$65.00 
PE-QS-001-BMAN-14,$65.00 
PE-QS-002-FLSH-9,$65.00 
PE-QS-002-FLSH-9.5,$65.00 
PE-QS-002-FLSH-10,$65.00 
PE-QS-002-FLSH-10.5,$65.00 
PE-QS-002-FLSH-11,$65.00 
PE-QS-002-FLSH-11.5,$65.00 
PE-QS-002-FLSH-12,$65.00 
AB-PE-VPS5-PURPLE-YXS,$17.50 
AB-PE-VPS5-PURPLE-YS,$17.50 
AB-PE-VPS5-PURPLE-YM,$17.50 
AB-PE-VPS5-PURPLE-YL,$17.50 
AB-PE-VPS5-PURPLE-S,$25.00 
AB-PE-VPS5-PURPLE-M,$25.00 
AB-PE-VPS5-PURPLE-L,$25.00 
AB-PE-VPS5-PURPLE-XL,$25.00 
AB-PE-VPS5-PURPLE-2X,$25.00 
AB-PE-VPS5-PURPLE-3X,$25.00 
AB-PE-VPS5-YELLOW-YXS,$17.50 
AB-PE-VPS5-YELLOW-YS,$17.50 
AB-PE-VPS5-YELLOW-YM,$17.50 
AB-PE-VPS5-YELLOW-YL,$17.50 
AB-PE-VPS5-YELLOW-S,$25.00 
AB-PE-VPS5-YELLOW-M,$25.00 
AB-PE-VPS5-YELLOW-L,$25.00 
AB-PE-VPS5-YELLOW-XL,$25.00 
AB-PE-VPS5-YELLOW-2X,$25.00 
AB-PE-VPS5-YELLOW-3X,$25.00 
AB-PE-VPS5-DARKGREEN-YXS,$17.50 
AB-PE-VPS5-DARKGREEN-YS,$17.50 
AB-PE-VPS5-DARKGREEN-YM,$17.50 
AB-PE-VPS5-DARKGREEN-YL,$17.50 
AB-PE-VPS5-DARKGREEN-S,$25.00 
AB-PE-VPS5-DARKGREEN-M,$25.00 
AB-PE-VPS5-DARKGREEN-L,$25.00 
AB-PE-VPS5-DARKGREEN-XL,$25.00 
AB-PE-VPS5-DARKGREEN-2X,$25.00 
AB-PE-VPS5-DARKGREEN-3X,$25.00 
AB-PE-VPS5-COLUMBIA-YXS,$17.50 
AB-PE-VPS5-COLUMBIA-YS,$17.50 
AB-PE-VPS5-COLUMBIA-YM,$17.50 
AB-PE-VPS5-COLUMBIA-YL,$17.50 
AB-PE-VPS5-COLUMBIA-S,$25.00 
AB-PE-VPS5-COLUMBIA-M,$25.00 
AB-PE-VPS5-COLUMBIA-L,$25.00 
AB-PE-VPS5-COLUMBIA-XL,$25.00 
AB-PE-VPS5-COLUMBIA-2X,$25.00 
AB-PE-VPS5-COLUMBIA-3X,$25.00 
AB-PE-VPS5-KELLYGREEN-YXS,$17.50 
AB-PE-VPS5-KELLYGREEN-YS,$17.50 
AB-PE-VPS5-KELLYGREEN-YM,$17.50 
AB-PE-VPS5-KELLYGREEN-YL,$17.50 
AB-PE-VPS5-KELLYGREEN-S,$25.00 
AB-PE-VPS5-KELLYGREEN-M,$25.00 
AB-PE-VPS5-KELLYGREEN-L,$25.00 
AB-PE-VPS5-KELLYGREEN-XL,$25.00 
AB-PE-VPS5-KELLYGREEN-2X,$25.00 
AB-PE-VPS5-KELLYGREEN-3X,$25.00 
AB-PE-VPS5-GREY-YXS,$17.50 
AB-PE-VPS5-GREY-YS,$17.50 
AB-PE-VPS5-GREY-YM,$17.50 
AB-PE-VPS5-GREY-YL,$17.50 
AB-PE-VPS5-GREY-S,$25.00 
AB-PE-VPS5-GREY-M,$25.00 
AB-PE-VPS5-GREY-L,$25.00 
AB-PE-VPS5-GREY-XL,$25.00 
AB-PE-VPS5-GREY-2X,$25.00 
AB-PE-VPS5-GREY-3X,$25.00 
AB-PE-VPS5-PINK-YXS,$17.50 
AB-PE-VPS5-PINK-YS,$17.50 
AB-PE-VPS5-PINK-YM,$17.50 
AB-PE-VPS5-PINK-YL,$17.50 
AB-PE-VPS5-PINK-S,$25.00 
AB-PE-VPS5-PINK-M,$25.00 
AB-PE-VPS5-PINK-L,$25.00 
AB-PE-VPS5-PINK-XL,$25.00 
AB-PE-VPS5-PINK-2X,$25.00 
AB-PE-VPS5-PINK-3X,$25.00 
AB-PE-VPS5-WHITE-YXS,$17.50 
AB-PE-VPS5-WHITE-YS,$17.50 
AB-PE-VPS5-WHITE-YM,$17.50 
AB-PE-VPS5-WHITE-YL,$17.50 
AB-PE-VPS5-WHITE-S,$25.00 
AB-PE-VPS5-WHITE-M,$25.00 
AB-PE-VPS5-WHITE-L,$25.00 
AB-PE-VPS5-WHITE-XL,$25.00 
AB-PE-VPS5-WHITE-2X,$25.00 
AB-PE-VPS5-WHITE-3X,$25.00 
AB-PE-VPS5-MAROON-YXS,$17.50 
AB-PE-VPS5-MAROON-YS,$17.50 
AB-PE-VPS5-MAROON-YM,$17.50 
AB-PE-VPS5-MAROON-YL,$17.50 
AB-PE-VPS5-MAROON-S,$25.00 
AB-PE-VPS5-MAROON-M,$25.00 
AB-PE-VPS5-MAROON-L,$25.00 
AB-PE-VPS5-MAROON-XL,$25.00 
AB-PE-VPS5-MAROON-2X,$25.00 
AB-PE-VPS5-MAROON-3X,$25.00 
AB-PE-QF-BLACK-YXS,$25.00 
AB-PE-QF-BLACK-YS,$25.00 
AB-PE-QF-BLACK-YM,$25.00 
AB-PE-QF-BLACK-YL,$25.00 
AB-PE-QF-BLACK-S,$30.00 
AB-PE-QF-BLACK-M,$30.00 
AB-PE-QF-BLACK-L,$30.00 
AB-PE-QF-BLACK-XL,$30.00 
AB-PE-QF-BLACK-2X,$30.00 
AB-PE-QF-BLACK-3X,$30.00 
AB-PE-QF-RED-YXS,$25.00 
AB-PE-QF-RED-YS,$25.00 
AB-PE-QF-RED-YM,$25.00 
AB-PE-QF-RED-YL,$25.00 
AB-PE-QF-RED-S,$30.00 
AB-PE-QF-RED-M,$30.00 
AB-PE-QF-RED-L,$30.00 
AB-PE-QF-RED-XL,$30.00 
AB-PE-QF-RED-2X,$30.00 
AB-PE-QF-RED-3X,$30.00 
AB-PE-QF-ROYALBLUE-YXS,$25.00 
AB-PE-QF-ROYALBLUE-YS,$25.00 
AB-PE-QF-ROYALBLUE-YM,$25.00 
AB-PE-QF-ROYALBLUE-YL,$25.00 
AB-PE-QF-ROYALBLUE-S,$30.00 
AB-PE-QF-ROYALBLUE-M,$30.00 
AB-PE-QF-ROYALBLUE-L,$30.00 
AB-PE-QF-ROYALBLUE-XL,$30.00 
AB-PE-QF-ROYALBLUE-2X,$30.00 
AB-PE-QF-ROYALBLUE-3X,$30.00 
AB-PE-QF-SLIME-YXS,$25.00 
AB-PE-QF-SLIME-YS,$25.00 
AB-PE-QF-SLIME-YM,$25.00 
AB-PE-QF-SLIME-YL,$25.00 
AB-PE-QF-SLIME-S,$30.00 
AB-PE-QF-SLIME-M,$30.00 
AB-PE-QF-SLIME-L,$30.00 
AB-PE-QF-SLIME-XL,$30.00 
AB-PE-QF-SLIME-2X,$30.00 
AB-PE-QF-SLIME-3X,$30.00 
AB-PE-QF-NAVYBLUE-YXS,$25.00 
AB-PE-QF-NAVYBLUE-YS,$25.00 
AB-PE-QF-NAVYBLUE-YM,$25.00 
AB-PE-QF-NAVYBLUE-YL,$25.00 
AB-PE-QF-NAVYBLUE-S,$30.00 
AB-PE-QF-NAVYBLUE-M,$30.00 
AB-PE-QF-NAVYBLUE-L,$30.00 
AB-PE-QF-NAVYBLUE-XL,$30.00 
AB-PE-QF-NAVYBLUE-2X,$30.00 
AB-PE-QF-NAVYBLUE-3X,$30.00 
AB-PE-QF-ORANGE-YXS,$25.00 
AB-PE-QF-ORANGE-YS,$25.00 
AB-PE-QF-ORANGE-YM,$25.00 
AB-PE-QF-ORANGE-YL,$25.00 
AB-PE-QF-ORANGE-S,$30.00 
AB-PE-QF-ORANGE-M,$30.00 
AB-PE-QF-ORANGE-L,$30.00 
AB-PE-QF-ORANGE-XL,$30.00 
AB-PE-QF-ORANGE-2X,$30.00 
AB-PE-QF-ORANGE-3X,$30.00 
AB-PE-QF-PURPLE-YXS,$25.00 
AB-PE-QF-PURPLE-YS,$25.00 
AB-PE-QF-PURPLE-YM,$25.00 
AB-PE-QF-PURPLE-YL,$25.00 
AB-PE-QF-PURPLE-S,$30.00 
AB-PE-QF-PURPLE-M,$30.00 
AB-PE-QF-PURPLE-L,$30.00 
AB-PE-QF-PURPLE-XL,$30.00 
AB-PE-QF-PURPLE-2X,$30.00 
AB-PE-QF-PURPLE-3X,$30.00 
AB-PE-QF-YELLOW-YXS,$25.00 
AB-PE-QF-YELLOW-YS,$25.00 
AB-PE-QF-YELLOW-YM,$25.00 
AB-PE-QF-YELLOW-YL,$25.00 
AB-PE-QF-YELLOW-S,$30.00 
AB-PE-QF-YELLOW-M,$30.00 
AB-PE-QF-YELLOW-L,$30.00 
AB-PE-QF-YELLOW-XL,$30.00 
AB-PE-QF-YELLOW-2X,$30.00 
AB-PE-QF-YELLOW-3X,$30.00 
AB-PE-QF-DARKGREEN-YXS,$25.00 
AB-PE-QF-DARKGREEN-YS,$25.00 
AB-PE-QF-DARKGREEN-YM,$25.00 
AB-PE-QF-DARKGREEN-YL,$25.00 
AB-PE-QF-DARKGREEN-S,$30.00 
AB-PE-QF-DARKGREEN-M,$30.00 
AB-PE-QF-DARKGREEN-L,$30.00 
AB-PE-QF-DARKGREEN-XL,$30.00 
AB-PE-QF-DARKGREEN-2X,$30.00 
AB-PE-QF-DARKGREEN-3X,$30.00 
AB-PE-QF-COLUMBIA-YXS,$25.00 
AB-PE-QF-COLUMBIA-YS,$25.00 
AB-PE-QF-COLUMBIA-YM,$25.00 
AB-PE-QF-COLUMBIA-YL,$25.00 
AB-PE-QF-COLUMBIA-S,$30.00 
AB-PE-QF-COLUMBIA-M,$30.00 
AB-PE-QF-COLUMBIA-L,$30.00 
AB-PE-QF-COLUMBIA-XL,$30.00 
AB-PE-QF-COLUMBIA-2X,$30.00 
AB-PE-QF-COLUMBIA-3X,$30.00 
AB-PE-QF-KELLYGREEN-YXS,$25.00 
AB-PE-QF-KELLYGREEN-YS,$25.00 
AB-PE-QF-KELLYGREEN-YM,$25.00 
AB-PE-QF-KELLYGREEN-YL,$25.00 
AB-PE-QF-KELLYGREEN-S,$30.00 
AB-PE-QF-KELLYGREEN-M,$30.00 
AB-PE-QF-KELLYGREEN-L,$30.00 
AB-PE-QF-KELLYGREEN-XL,$30.00 
AB-PE-QF-KELLYGREEN-2X,$30.00 
AB-PE-QF-KELLYGREEN-3X,$30.00 
AB-PE-QF-WHITE-YXS,$25.00 
AB-PE-QF-WHITE-YS,$25.00 
AB-PE-QF-WHITE-YM,$25.00 
AB-PE-QF-WHITE-YL,$25.00 
AB-PE-QF-WHITE-S,$30.00 
AB-PE-QF-WHITE-M,$30.00 
AB-PE-QF-WHITE-L,$30.00 
AB-PE-QF-WHITE-XL,$30.00 
AB-PE-QF-WHITE-2X,$30.00 
AB-PE-QF-WHITE-3X,$30.00 
PE-000066-JOKER-YXS,$21.50 
PE-000066-JOKER-YS,$21.50 
PE-000066-JOKER-YM,$21.50 
PE-000066-JOKER-YL,$21.50 
PE-000066-JOKER-S,$27.50 
PE-000066-JOKER-M,$27.50 
PE-000066-JOKER-L,$27.50 
PE-000066-JOKER-XL,$27.50 
PE-000066-JOKER-XXL,$27.50 
PE-000066-JOKER-3XL,$27.50 
PE-VPS5-001-Batman-YXS,$21.50 
PE-VPS5-001-Batman-YS,$21.50 
PE-VPS5-001-Batman-YM,$21.50 
PE-VPS5-001-Batman-YL,$21.50 
PE-VPS5-001-Batman-S,$27.50 
PE-VPS5-001-Batman-M,$27.50 
PE-VPS5-001-Batman-L,$27.50 
PE-VPS5-001-Batman-XL,$27.50 
PE-VPS5-001-Batman-XXL,$27.50 
PE-VPS5-001-Batman-3XL,$27.50 
PE-VPS5-002-FLASH-YXS,$21.50 
PE-VPS5-002-FLASH-YS,$21.50 
PE-VPS5-002-FLASH-YM,$21.50 
PE-VPS5-002-FLASH-YL,$21.50 
PE-VPS5-002-FLASH-S,$27.50 
PE-VPS5-002-FLASH-M,$27.50 
PE-VPS5-002-FLASH-L,$27.50 
PE-VPS5-002-FLASH-XL,$27.50 
PE-VPS5-002-FLASH-XXL,$27.50 
PE-VPS5-002-FLASH-3XL,$27.50 
PE-VPS5-003-Superman-YXS,$21.50 
PE-VPS5-003-Superman-YS,$21.50 
PE-VPS5-003-Superman-YM,$21.50 
PE-VPS5-003-Superman-YL,$21.50 
PE-VPS5-003-Superman-S,$27.50 
PE-VPS5-003-Superman-M,$27.50 
PE-VPS5-003-Superman-L,$27.50 
PE-VPS5-003-Superman-XL,$27.50 
PE-VPS5-003-Superman-XXL,$27.50 
PE-VPS5-003-Superman-3XL,$27.50 
PE-VPS1-015-RICKANDMORTY-XS,$27.50 
PE-VPS1-015-RICKANDMORTY-S,$27.50 
PE-VPS1-015-RICKANDMORTY-M,$27.50 
PE-VPS1-015-RICKANDMORTY-L,$27.50 
PE-VPS1-015-RICKANDMORTY-XL,$27.50 
PE-VPS1-015-RICKANDMORTY-XXL,$27.50 
PE-BPACK-001,$30.00 
PE-STRM2-WHT,$10.00 
PE-STRM2-BLK,$10.00 
PE-STRM2-GRY,$10.00 
PE-STRM2-OR,$10.00 
PE-STRM2-RD,$10.00 
PE-STRM2-MRN,$10.00 
PE-STRM2-PNK,$10.00 
PE-STRM2-PRP,$10.00 
PE-STRM2-ROY,$10.00 
PE-STRM2-NVY,$10.00 
PE-STRM2-COL,$10.00 
PE-STRM2-DG,$10.00 
PE-STRM2-KG,$10.00 
PE-STRM2-NY,$10.00 
PE-STRM2-YLW,$10.00 
PE-HF3-BLK,$10.00 
PE-HF3-WHT,$10.00 
PE-HF3-GRY,$10.00 
PE-HF3-OR,$10.00 
PE-HF3-RD,$10.00 
PE-HF3-MRN,$10.00 
PE-HF3-PNK,$10.00 
PE-HF3-PRP,$10.00 
PE-HF3-ROY,$10.00 
PE-HF3-NVY,$10.00 
PE-HF3-COL,$10.00 
PE-HF3-DG,$10.00 
PE-HF3-KG,$10.00 
PE-HF3-SG,$10.00 
PE-HF3-YLW,$10.00 
PHNM-QVZN-CLEAR-003,$22.50 
PHNM-QVZN2-GRAPE-005,$25.00 
PHNM-QVZN2-EBLUE-003,$25.00 
PHNM-QVZN2-INFERNO-004,$25.00 
PHNM-QVZN2-GGREEN-002,$25.00 
PHNM-QVZN2-CLEAR-001,$10.00 
PE-NS-BLACK-A,$10.00 
PE-NS-BLACK-Y,$10.00 
PE-NS-WHITE-A,$10.00 
PE-NS-ORANGE-A,$10.00 
PE-NS-RED-A,$10.00 
PE-NS-PURPLE-A,$10.00 
PE-NS-PINK-A,$10.00 
PE-NS-ROYAL-A,$10.00 
PE-NS-NAVY-A,$10.00 
PE-NS-COLUMBIA-A,$10.00 
PE-NS-FOREST-A,$10.00 
PE-NS-SLIME-A,$10.00 
PE-NS-YELLOW-A,$10.00 
PE-NS-WHITE-Y,$10.00 
PE-NS-ORANGE-Y,$10.00 
PE-NS-RED-Y,$10.00 
PE-NS-PURPLE-Y,$10.00 
PE-NS-PINK-Y,$10.00 
PE-NS-ROYAL-Y,$10.00 
PE-NS-NAVY-Y,$10.00 
PE-NS-COLUMBIA-Y,$10.00 
PE-NS-FOREST-Y,$10.00 
PE-NS-SLIME-Y,$10.00 
PE-NS-YELLOW-Y,$10.00 
PE-NS-MAROON-A,$10.00 
PE-NS-MAROON-Y,$10.00 
PE-NS-CAMO-A,$10.00 
PE-NS-CAMO-Y,$10.00 
PE-QO-RM-S,$20.00 
PE-QO-RM-M,$20.00 
PE-QO-RM-L,$20.00 
PE-QO-RM-XL,$20.00 
PE-QO-JKR-YS,$20.00 
PE-QO-JKR-YM,$20.00 
PE-QO-JKR-YL,$20.00 
PE-QO-JKR-S,$20.00 
PE-QO-JKR-M,$20.00 
PE-QO-JKR-L,$20.00 
PE-QO-JKR-XL,$20.00 
PE-QO-TJ-YS,$20.00 
PE-QO-TJ-YM,$20.00 
PE-QO-TJ-YL,$20.00 
PE-QO-TJ-S,$20.00 
PE-QO-TJ-M,$20.00 
PE-QO-TJ-L,$20.00 
PE-QO-TJ-XL,$20.00 
PE-QO-SD-YS,$20.00 
PE-QO-SD-YM,$20.00 
PE-QO-SD-YL,$20.00 
PE-QO-SD-S,$20.00 
PE-QO-SD-M,$20.00 
PE-QO-SD-L,$20.00 
PE-QO-SD-XL,$20.00 
PE-QO-BMAN-YS,$20.00 
PE-QO-BMAN-YM,$20.00 
PE-QO-BMAN-YL,$20.00 
PE-QO-BMAN-S,$20.00 
PE-QO-BMAN-M,$20.00 
PE-QO-BMAN-L,$20.00 
PE-QO-BMAN-XL,$20.00 
PE-QO-SMAN-YS,$20.00 
PE-QO-SMAN-YM,$20.00 
PE-QO-SMAN-YL,$20.00 
PE-QO-SMAN-S,$20.00 
PE-QO-SMAN-M,$20.00 
PE-QO-SMAN-L,$20.00 
PE-QO-SMAN-XL,$20.00 
PE-QO-FLSH-YS,$20.00 
PE-QO-FLSH-YM,$20.00 
PE-QO-FLSH-YL,$20.00 
PE-QO-FLSH-S,$20.00 
PE-QO-FLSH-M,$20.00 
PE-QO-FLSH-L,$20.00 
PE-QO-FLSH-XL,$20.00 
PE-QO-CLWN-YS,$20.00 
PE-QO-CLWN-YM,$20.00 
PE-QO-CLWN-YL,$20.00 
PE-QO-CLWN-S,$20.00 
PE-QO-CLWN-M,$20.00 
PE-QO-CLWN-L,$20.00 
PE-QO-CLWN-XL,$20.00 
PE-QE-SONIC-1,$47.50 
PE-QE-SONIC-2,$47.50 
PE-QE-SONIC-3,$47.50 
PE-QE-SONIC-4,$47.50 
PE-QE-SONIC-5,$47.50 
PE-QE-SONIC-6,$47.50 
PE-QE-SONIC-7,$57.50 
PE-QE-SONIC-7.5,$57.50 
PE-QE-SONIC-8,$57.50 
PE-QE-SONIC-8.5,$57.50 
PE-QE-SONIC-9,$57.50 
PE-QE-SONIC-9.5,$57.50 
PE-QE-SONIC-10,$57.50 
PE-QE-SONIC-10.5,$57.50 
PE-QE-SONIC-11,$57.50 
PE-QE-SONIC-11.5,$57.50 
PE-QE-SONIC-12,$57.50 
PE-QE-KNUCKLES-1,$47.50 
PE-QE-KNUCKLES-2,$47.50 
PE-QE-KNUCKLES-3,$47.50 
PE-QE-KNUCKLES-4,$47.50 
PE-QE-KNUCKLES-5,$47.50 
PE-QE-KNUCKLES-6,$47.50 
PE-QE-KNUCKLES-7,$57.50 
PE-QE-KNUCKLES-7.5,$57.50 
PE-QE-KNUCKLES-8,$57.50 
PE-QE-KNUCKLES-8.5,$57.50 
PE-QE-KNUCKLES-9,$57.50 
PE-QE-KNUCKLES-9.5,$57.50 
PE-QE-KNUCKLES-10,$57.50 
PE-QE-KNUCKLES-10.5,$57.50 
PE-QE-KNUCKLES-11,$57.50 
PE-QE-KNUCKLES-11.5,$57.50 
PE-QE-KNUCKLES-12,$57.50 
PE-QE-BLU-SLM-1,$42.50 
PE-QE-BLU-SLM-2,$42.50 
PE-QE-BLU-SLM-3,$42.50 
PE-QE-BLU-SLM-4,$42.50 
PE-QE-BLU-SLM-5,$42.50 
PE-QE-BLU-SLM-6,$42.50 
PE-QE-BLU-SLM-7,$55.00 
PE-QE-BLU-SLM-7.5,$55.00 
PE-QE-BLU-SLM-8,$55.00 
PE-QE-BLU-SLM-8.5,$55.00 
PE-QE-BLU-SLM-9,$55.00 
PE-QE-BLU-SLM-9.5,$55.00 
PE-QE-BLU-SLM-10,$55.00 
PE-QE-BLU-SLM-10.5,$55.00 
PE-QE-BLU-SLM-11,$55.00 
PE-QE-BLU-SLM-11.5,$55.00 
PE-QE-BLU-SLM-12,$55.00 
PE-HEXA-001-BATMAN-YELLOW,$12.50 
PE-HEXA-002-FLASH,$12.50 
PE-HEXA-003-SUPERMAN,$12.50 
PE-HEXA-004-THEJOKER,$12.50 
PE-MG-004-CLSJKR,$12.50 
PE-HEXA-011-SCOOBYDOO,$12.50 
PE-HEXA-011-SD-UNMASKED,$12.50 
PE-HFMG-023-SONIC-BLUE,$12.50 
PE-HFMG-023-KNUCKLES-RED,$12.50 
HF-AFTERDARK-MG-000111,$10.00 
HF-VILLAIN-MG-000111,$10.00 
HF-SINISTER-MG-000111,$10.00 
HF-HAHA-MG-000111,$10.00 
AB-PE-VPS5-BLACK-YXS,$17.50 
AB-PE-VPS5-BLACK-YS,$17.50 
AB-PE-VPS5-BLACK-YM,$17.50 
AB-PE-VPS5-BLACK-YL,$17.50 
AB-PE-VPS5-BLACK-S,$25.00 
AB-PE-VPS5-BLACK-M,$25.00 
AB-PE-VPS5-BLACK-L,$25.00 
AB-PE-VPS5-BLACK-XL,$25.00 
AB-PE-VPS5-BLACK-2X,$25.00 
AB-PE-VPS5-BLACK-3X,$25.00 
AB-PE-VPS5-RED-YXS,$17.50 
AB-PE-VPS5-RED-YS,$17.50 
AB-PE-VPS5-RED-YM,$17.50 
AB-PE-VPS5-RED-YL,$17.50 
AB-PE-VPS5-RED-S,$25.00 
AB-PE-VPS5-RED-M,$25.00 
AB-PE-VPS5-RED-L,$25.00 
AB-PE-VPS5-RED-XL,$25.00 
AB-PE-VPS5-RED-2X,$25.00 
AB-PE-VPS5-RED-3X,$25.00 
AB-PE-VPS5-ROYALBLUE-YXS,$17.50 
AB-PE-VPS5-ROYALBLUE-YS,$17.50 
AB-PE-VPS5-ROYALBLUE-YM,$17.50 
AB-PE-VPS5-ROYALBLUE-YL,$17.50 
AB-PE-VPS5-ROYALBLUE-S,$25.00 
AB-PE-VPS5-ROYALBLUE-M,$25.00 
AB-PE-VPS5-ROYALBLUE-L,$25.00 
AB-PE-VPS5-ROYALBLUE-XL,$25.00 
AB-PE-VPS5-ROYALBLUE-2X,$25.00 
AB-PE-VPS5-ROYALBLUE-3X,$25.00 
AB-PE-VPS5-SLIME-YXS,$17.50 
AB-PE-VPS5-SLIME-YS,$17.50 
AB-PE-VPS5-SLIME-YM,$17.50 
AB-PE-VPS5-SLIME-YL,$17.50 
AB-PE-VPS5-SLIME-S,$25.00 
AB-PE-VPS5-SLIME-M,$25.00 
AB-PE-VPS5-SLIME-L,$25.00 
AB-PE-VPS5-SLIME-XL,$25.00 
AB-PE-VPS5-SLIME-2X,$25.00 
AB-PE-VPS5-SLIME-3X,$25.00 
AB-PE-VPS5-NAVYBLUE-YXS,$17.50 
AB-PE-VPS5-NAVYBLUE-YS,$17.50 
AB-PE-VPS5-NAVYBLUE-YM,$17.50 
AB-PE-VPS5-NAVYBLUE-YL,$17.50 
AB-PE-VPS5-NAVYBLUE-S,$25.00 
AB-PE-VPS5-NAVYBLUE-M,$25.00 
AB-PE-VPS5-NAVYBLUE-L,$25.00 
AB-PE-VPS5-NAVYBLUE-XL,$25.00 
AB-PE-VPS5-NAVYBLUE-2X,$25.00 
AB-PE-VPS5-NAVYBLUE-3X,$25.00 
AB-PE-VPS5-ORANGE-YXS,$17.50 
AB-PE-VPS5-ORANGE-YS,$17.50 
AB-PE-VPS5-ORANGE-YM,$17.50 
AB-PE-VPS5-ORANGE-YL,$17.50 
AB-PE-VPS5-ORANGE-S,$25.00 
AB-PE-VPS5-ORANGE-M,$25.00 
AB-PE-VPS5-ORANGE-L,$25.00 
AB-PE-VPS5-ORANGE-XL,$25.00 
AB-PE-VPS5-ORANGE-2X,$25.00 
AB-PE-VPS5-ORANGE-3X,$25.00 
